datetime,station_id,totalDemand,totalSupply
2016-10-01T13:00:00.000-04:00,369,1,3
2016-10-01T13:00:00.000-04:00,3158,3,3
2016-10-01T14:00:00.000-04:00,3249,1,1
2016-10-03T12:00:00.000-04:00,195,1,2
2016-10-03T13:00:00.000-04:00,472,2,2
2016-10-03T18:00:00.000-04:00,460,4,2
2016-10-04T00:00:00.000-04:00,537,1,1
2016-10-04T06:00:00.000-04:00,116,1,1
2016-10-04T18:00:00.000-04:00,468,8,3
2016-10-04T19:00:00.000-04:00,346,2,3
2016-10-05T16:00:00.000-04:00,488,2,5
2016-10-05T18:00:00.000-04:00,346,3,5
2016-10-05T20:00:00.000-04:00,307,2,1
2016-10-06T09:00:00.000-04:00,490,7,3
2016-10-06T15:00:00.000-04:00,537,3,5
2016-10-06T20:00:00.000-04:00,168,2,3
2016-10-07T16:00:00.000-04:00,530,1,3
2016-10-07T17:00:00.000-04:00,2017,3,2
2016-10-07T20:00:00.000-04:00,285,4,2
2016-10-07T22:00:00.000-04:00,195,1,1
2016-10-08T12:00:00.000-04:00,322,1,2
2016-10-08T13:00:00.000-04:00,500,2,3
2016-10-08T15:00:00.000-04:00,3255,4,6
2016-10-08T17:00:00.000-04:00,3165,2,3
2016-10-08T20:00:00.000-04:00,445,1,2
2016-10-10T08:00:00.000-04:00,3246,2,1
2016-10-10T15:00:00.000-04:00,3166,1,3
2016-10-10T16:00:00.000-04:00,238,2,1
2016-10-10T18:00:00.000-04:00,3255,2,16
2016-10-11T07:00:00.000-04:00,279,1,1
2016-10-11T12:00:00.000-04:00,72,1,1
2016-10-11T15:00:00.000-04:00,322,1,1
2016-10-12T17:00:00.000-04:00,530,3,6
2016-10-12T22:00:00.000-04:00,468,1,1
2016-10-12T22:00:00.000-04:00,3255,1,1
2016-10-13T08:00:00.000-04:00,150,5,1
2016-10-13T20:00:00.000-04:00,116,1,1
2016-10-14T07:00:00.000-04:00,3166,3,1
2016-10-14T14:00:00.000-04:00,457,3,1
2016-10-14T16:00:00.000-04:00,252,4,3
2016-10-15T17:00:00.000-04:00,490,3,3
2016-10-15T20:00:00.000-04:00,537,1,1
2016-10-16T17:00:00.000-04:00,3306,1,1
2016-10-17T10:00:00.000-04:00,460,1,3
2016-10-17T20:00:00.000-04:00,153,4,1
2016-10-18T14:00:00.000-04:00,2012,1,1
2016-10-18T18:00:00.000-04:00,3107,3,7
2016-10-19T15:00:00.000-04:00,490,4,3
2016-10-19T18:00:00.000-04:00,3158,2,5
2016-10-19T18:00:00.000-04:00,3347,1,2
2016-10-19T19:00:00.000-04:00,500,2,3
2016-10-19T20:00:00.000-04:00,347,3,8
2016-10-19T20:00:00.000-04:00,3049,1,1
2016-10-20T08:00:00.000-04:00,252,4,2
2016-10-20T15:00:00.000-04:00,3427,2,3
2016-10-21T07:00:00.000-04:00,3308,2,1
2016-10-22T16:00:00.000-04:00,307,2,2
2016-10-22T17:00:00.000-04:00,457,3,2
2016-10-23T16:00:00.000-04:00,3150,1,1
2016-10-24T07:00:00.000-04:00,153,1,2
2016-10-24T08:00:00.000-04:00,319,4,4
2016-10-24T09:00:00.000-04:00,153,5,4
2016-10-24T09:00:00.000-04:00,454,1,1
2016-10-24T09:00:00.000-04:00,3158,1,2
2016-10-24T11:00:00.000-04:00,3140,3,1
2016-10-24T14:00:00.000-04:00,346,2,1
2016-10-24T18:00:00.000-04:00,244,1,3
2016-10-25T18:00:00.000-04:00,2004,3,1
2016-10-25T19:00:00.000-04:00,409,1,1
2016-10-25T20:00:00.000-04:00,3002,4,3
2016-10-26T13:00:00.000-04:00,3148,1,2
2016-10-27T06:00:00.000-04:00,461,1,1
2016-10-27T15:00:00.000-04:00,161,2,2
2016-10-27T17:00:00.000-04:00,488,1,2
2016-10-28T11:00:00.000-04:00,526,2,1
2016-10-28T13:00:00.000-04:00,312,2,2
2016-10-28T19:00:00.000-04:00,3255,2,1
2016-10-29T11:00:00.000-04:00,349,1,1
2016-10-29T18:00:00.000-04:00,2003,3,2
2016-10-30T03:00:00.000-04:00,3075,2,1
2016-10-30T10:00:00.000-04:00,346,2,1
2016-10-30T11:00:00.000-04:00,344,1,1
2016-10-30T12:00:00.000-04:00,3166,5,4
2016-10-30T14:00:00.000-04:00,307,4,1
2016-10-31T15:00:00.000-04:00,472,2,3
2016-10-31T16:00:00.000-04:00,3158,2,2
2016-10-31T18:00:00.000-04:00,307,3,2
2016-10-31T20:00:00.000-04:00,3135,2,1
2016-10-31T20:00:00.000-04:00,3224,1,2
2016-11-01T11:00:00.000-04:00,72,1,1
2016-11-01T14:00:00.000-04:00,467,1,1
2016-11-01T16:00:00.000-04:00,461,4,2
2016-11-01T18:00:00.000-04:00,3315,1,2
2016-11-01T20:00:00.000-04:00,3107,1,1
2016-11-02T08:00:00.000-04:00,500,3,6
2016-11-02T12:00:00.000-04:00,346,2,4
2016-11-02T12:00:00.000-04:00,460,1,2
2016-11-03T13:00:00.000-04:00,152,2,1
2016-11-03T13:00:00.000-04:00,461,2,5
2016-11-03T16:00:00.000-04:00,457,4,3
2016-11-03T19:00:00.000-04:00,280,1,1
2016-11-04T10:00:00.000-04:00,280,2,1
2016-11-04T15:00:00.000-04:00,536,3,1
2016-11-04T20:00:00.000-04:00,238,1,1
2016-11-05T21:00:00.000-04:00,490,1,1
2016-11-05T22:00:00.000-04:00,468,1,3
2016-11-06T13:00:00.000-05:00,500,1,1
2016-11-06T14:00:00.000-05:00,285,7,5
2016-11-06T14:00:00.000-05:00,348,1,1
2016-11-07T08:00:00.000-05:00,260,1,4
2016-11-08T09:00:00.000-05:00,285,5,5
2016-11-08T18:00:00.000-05:00,3315,1,2
2016-11-10T12:00:00.000-05:00,472,2,4
2016-11-10T15:00:00.000-05:00,2012,3,2
2016-11-10T17:00:00.000-05:00,3315,1,1
2016-11-10T20:00:00.000-05:00,2002,3,2
2016-11-11T18:00:00.000-05:00,526,5,4
2016-11-11T20:00:00.000-05:00,347,1,4
2016-11-12T09:00:00.000-05:00,161,2,2
2016-11-12T11:00:00.000-05:00,373,1,1
2016-11-12T18:00:00.000-05:00,3255,3,2
2016-11-13T07:00:00.000-05:00,534,1,1
2016-11-13T12:00:00.000-05:00,3002,1,4
2016-11-14T08:00:00.000-05:00,461,9,4
2016-11-14T22:00:00.000-05:00,3061,1,1
2016-11-15T17:00:00.000-05:00,3312,1,1
2016-11-16T05:00:00.000-05:00,488,2,1
2016-11-16T11:00:00.000-05:00,2004,1,1
2016-11-16T15:00:00.000-05:00,2004,1,1
2016-11-16T17:00:00.000-05:00,319,3,2
2016-11-16T19:00:00.000-05:00,530,2,2
2016-11-16T20:00:00.000-05:00,3224,2,1
2016-11-16T20:00:00.000-05:00,3311,1,1
2016-11-17T08:00:00.000-05:00,373,1,1
2016-11-17T09:00:00.000-05:00,3427,1,2
2016-11-17T10:00:00.000-05:00,490,1,2
2016-11-18T14:00:00.000-05:00,347,1,3
2016-11-19T10:00:00.000-05:00,143,1,1
2016-11-20T10:00:00.000-05:00,3396,1,1
2016-11-20T12:00:00.000-05:00,373,1,2
2016-11-21T16:00:00.000-05:00,285,3,1
2016-11-21T18:00:00.000-05:00,348,2,2
2016-11-23T07:00:00.000-05:00,472,1,1
2016-11-23T08:00:00.000-05:00,2003,6,2
2016-11-23T14:00:00.000-05:00,457,1,1
2016-11-26T11:00:00.000-05:00,530,2,1
2016-11-27T16:00:00.000-05:00,3113,1,1
2016-12-01T07:00:00.000-05:00,472,1,6
2016-12-01T10:00:00.000-05:00,285,3,4
2016-12-01T19:00:00.000-05:00,280,1,2
2016-12-01T19:00:00.000-05:00,3255,2,1
2016-12-01T19:00:00.000-05:00,3308,1,1
2016-12-03T19:00:00.000-05:00,526,1,1
2016-12-04T11:00:00.000-05:00,490,1,2
2016-12-05T00:00:00.000-05:00,279,1,1
2016-12-05T10:00:00.000-05:00,536,2,1
2016-12-05T14:00:00.000-05:00,490,1,2
2016-12-05T15:00:00.000-05:00,153,3,2
2016-12-05T17:00:00.000-05:00,168,10,3
2016-12-06T09:00:00.000-05:00,195,6,6
2016-12-06T14:00:00.000-05:00,3255,2,4
2016-12-07T09:00:00.000-05:00,468,1,4
2016-12-07T14:00:00.000-05:00,445,1,1
2016-12-07T15:00:00.000-05:00,461,2,6
2016-12-07T15:00:00.000-05:00,3357,1,1
2016-12-07T17:00:00.000-05:00,2004,2,2
2016-12-07T18:00:00.000-05:00,490,5,6
2016-12-07T20:00:00.000-05:00,348,1,1
2016-12-07T20:00:00.000-05:00,3148,3,1
2016-12-09T14:00:00.000-05:00,490,2,3
2016-12-09T15:00:00.000-05:00,347,2,1
2016-12-09T17:00:00.000-05:00,2003,1,1
2016-12-11T14:00:00.000-05:00,312,3,1
2016-12-12T13:00:00.000-05:00,280,1,1
2016-12-12T19:00:00.000-05:00,285,2,4
2016-12-12T19:00:00.000-05:00,461,6,1
2016-12-13T15:00:00.000-05:00,319,2,2
2016-12-13T15:00:00.000-05:00,347,1,2
2016-12-14T09:00:00.000-05:00,2012,2,3
2016-12-14T12:00:00.000-05:00,347,1,1
2016-12-14T22:00:00.000-05:00,307,2,4
2016-12-15T08:00:00.000-05:00,259,2,2
2016-12-16T13:00:00.000-05:00,454,1,1
2016-12-16T16:00:00.000-05:00,307,1,1
2016-12-18T17:00:00.000-05:00,461,1,1
2016-12-18T17:00:00.000-05:00,3148,1,1
2016-12-19T09:00:00.000-05:00,457,1,3
2016-12-20T08:00:00.000-05:00,161,1,2
2016-12-20T09:00:00.000-05:00,526,3,3
2016-12-21T16:00:00.000-05:00,3150,1,1
2016-12-23T08:00:00.000-05:00,534,1,1
2016-12-23T15:00:00.000-05:00,252,4,3
2016-12-23T19:00:00.000-05:00,530,1,1
2016-12-27T11:00:00.000-05:00,3002,1,1
2016-12-30T11:00:00.000-05:00,3368,1,1
2017-01-01T02:00:00.000-05:00,344,1,2
2017-01-01T20:00:00.000-05:00,312,1,1
2017-01-03T09:00:00.000-05:00,347,2,1
2017-01-04T09:00:00.000-05:00,168,1,1
2017-01-04T09:00:00.000-05:00,395,2,1
2017-01-05T16:00:00.000-05:00,168,2,1
2017-01-05T18:00:00.000-05:00,280,2,1
2017-01-06T11:00:00.000-05:00,416,1,1
2017-01-06T17:00:00.000-05:00,461,2,2
2017-01-08T14:00:00.000-05:00,488,1,1
2017-01-09T10:00:00.000-05:00,3158,1,1
2017-01-11T11:00:00.000-05:00,285,3,3
2017-01-12T10:00:00.000-05:00,312,2,1
2017-01-12T20:00:00.000-05:00,347,1,2
2017-01-14T11:00:00.000-05:00,369,1,1
2017-01-14T13:00:00.000-05:00,3148,2,2
2017-01-15T21:00:00.000-05:00,530,2,2
2017-01-16T07:00:00.000-05:00,461,1,1
2017-01-17T00:00:00.000-05:00,369,1,2
2017-01-17T08:00:00.000-05:00,2002,2,2
2017-01-18T10:00:00.000-05:00,537,1,3
2017-01-18T13:00:00.000-05:00,3165,1,2
2017-01-18T14:00:00.000-05:00,3158,2,1
2017-01-18T17:00:00.000-05:00,116,2,1
2017-01-18T19:00:00.000-05:00,3341,1,1
2017-01-20T14:00:00.000-05:00,369,3,1
2017-01-21T10:00:00.000-05:00,457,2,2
2017-01-22T10:00:00.000-05:00,280,1,2
2017-01-22T12:00:00.000-05:00,3158,1,2
2017-01-22T13:00:00.000-05:00,3002,2,3
2017-01-23T08:00:00.000-05:00,150,1,1
2017-01-25T13:00:00.000-05:00,472,1,1
2017-01-26T11:00:00.000-05:00,468,2,2
2017-01-26T13:00:00.000-05:00,319,1,1
2017-01-26T15:00:00.000-05:00,312,1,2
2017-01-26T18:00:00.000-05:00,2004,3,1
2017-01-26T20:00:00.000-05:00,3427,1,1
2017-01-27T07:00:00.000-05:00,461,1,2
2017-01-27T07:00:00.000-05:00,2003,5,2
2017-01-27T07:00:00.000-05:00,3175,1,1
2017-01-27T21:00:00.000-05:00,312,1,1
2017-01-28T13:00:00.000-05:00,3427,2,3
2017-01-28T14:00:00.000-05:00,143,1,1
2017-01-28T19:00:00.000-05:00,3427,5,1
2017-01-29T16:00:00.000-05:00,457,4,2
2017-01-30T20:00:00.000-05:00,3102,1,1
2017-01-31T08:00:00.000-05:00,488,3,2
2017-01-31T09:00:00.000-05:00,195,3,3
2017-01-31T18:00:00.000-05:00,526,1,3
2017-02-02T07:00:00.000-05:00,2004,3,2
2017-02-02T08:00:00.000-05:00,461,5,3
2017-02-02T18:00:00.000-05:00,3002,4,3
2017-02-03T12:00:00.000-05:00,3061,1,1
2017-02-06T09:00:00.000-05:00,3312,1,1
2017-02-06T16:00:00.000-05:00,490,3,7
2017-02-07T12:00:00.000-05:00,161,1,1
2017-02-08T09:00:00.000-05:00,195,3,3
2017-02-08T09:00:00.000-05:00,260,1,2
2017-02-08T10:00:00.000-05:00,349,2,1
2017-02-08T15:00:00.000-05:00,3124,2,1
2017-02-08T16:00:00.000-05:00,457,1,1
2017-02-13T18:00:00.000-05:00,461,2,1
2017-02-14T00:00:00.000-05:00,490,1,1
2017-02-14T07:00:00.000-05:00,3002,2,3
2017-02-14T12:00:00.000-05:00,461,1,1
2017-02-15T13:00:00.000-05:00,150,1,1
2017-02-17T13:00:00.000-05:00,2012,1,3
2017-02-18T16:00:00.000-05:00,526,1,2
2017-02-18T21:00:00.000-05:00,537,2,1
2017-02-20T21:00:00.000-05:00,3158,1,1
2017-02-21T18:00:00.000-05:00,116,2,4
2017-02-22T09:00:00.000-05:00,348,2,6
2017-02-22T19:00:00.000-05:00,3052,1,1
2017-02-23T15:00:00.000-05:00,3283,1,1
2017-02-23T20:00:00.000-05:00,312,2,2
2017-02-24T09:00:00.000-05:00,153,3,8
2017-02-24T10:00:00.000-05:00,445,1,1
2017-02-24T12:00:00.000-05:00,319,1,1
2017-02-24T16:00:00.000-05:00,348,2,6
2017-02-24T22:00:00.000-05:00,2003,1,1
2017-02-25T12:00:00.000-05:00,238,5,3
2017-02-25T12:00:00.000-05:00,3255,1,2
2017-02-25T14:00:00.000-05:00,3002,4,4
2017-02-25T15:00:00.000-05:00,2002,2,2
2017-02-25T16:00:00.000-05:00,312,2,2
2017-02-26T07:00:00.000-05:00,2003,1,1
2017-02-26T18:00:00.000-05:00,3175,1,1
2017-02-28T09:00:00.000-05:00,168,2,6
2017-02-28T13:00:00.000-05:00,2012,2,2
2017-02-28T16:00:00.000-05:00,2004,2,1
2017-02-28T22:00:00.000-05:00,161,4,2
2017-03-01T14:00:00.000-05:00,285,3,5
2017-03-02T07:00:00.000-05:00,116,1,1
2017-03-03T13:00:00.000-05:00,2002,1,1
2017-03-03T13:00:00.000-05:00,3354,1,1
2017-03-03T19:00:00.000-05:00,3158,2,1
2017-03-05T12:00:00.000-05:00,3158,1,1
2017-03-05T12:00:00.000-05:00,3255,1,1
2017-03-07T15:00:00.000-05:00,3158,1,1
2017-03-07T16:00:00.000-05:00,116,2,1
2017-03-08T07:00:00.000-05:00,500,2,2
2017-03-08T13:00:00.000-05:00,3255,1,7
2017-03-08T16:00:00.000-05:00,445,3,4
2017-03-09T07:00:00.000-05:00,461,3,2
2017-03-09T07:00:00.000-05:00,3140,1,2
2017-03-09T19:00:00.000-05:00,280,1,1
2017-03-09T20:00:00.000-05:00,490,1,1
2017-03-10T19:00:00.000-05:00,488,2,1
2017-03-13T20:00:00.000-04:00,3158,1,1
2017-03-17T08:00:00.000-04:00,152,1,2
2017-03-19T14:00:00.000-04:00,3002,2,1
2017-03-19T21:00:00.000-04:00,285,1,1
2017-03-22T18:00:00.000-04:00,280,2,3
2017-03-22T21:00:00.000-04:00,3354,1,1
2017-03-23T07:00:00.000-04:00,536,1,1
2017-03-23T12:00:00.000-04:00,490,1,1
2017-03-23T12:00:00.000-04:00,3447,1,1
2017-03-23T18:00:00.000-04:00,460,1,1
2017-03-24T09:00:00.000-04:00,322,1,1
2017-03-24T19:00:00.000-04:00,457,3,2
2017-03-24T19:00:00.000-04:00,3158,2,3
2017-03-24T20:00:00.000-04:00,468,1,1
2017-03-25T11:00:00.000-04:00,152,1,2
2017-03-25T15:00:00.000-04:00,526,1,1
2017-03-26T12:00:00.000-04:00,285,2,2
2017-03-26T14:00:00.000-04:00,252,1,2
2017-03-26T20:00:00.000-04:00,289,1,1
2017-03-27T17:00:00.000-04:00,252,4,1
2017-03-29T20:00:00.000-04:00,348,1,2
2017-04-01T13:00:00.000-04:00,3357,1,1
2017-04-01T22:00:00.000-04:00,445,1,1
2017-04-02T02:00:00.000-04:00,307,1,1
2017-04-02T18:00:00.000-04:00,348,2,1
2017-04-03T10:00:00.000-04:00,537,2,1
2017-04-03T11:00:00.000-04:00,468,2,3
2017-04-03T13:00:00.000-04:00,195,2,2
2017-04-04T17:00:00.000-04:00,153,9,4
2017-04-05T08:00:00.000-04:00,3348,1,1
2017-04-05T11:00:00.000-04:00,488,2,1
2017-04-05T12:00:00.000-04:00,161,1,5
2017-04-05T15:00:00.000-04:00,153,4,6
2017-04-05T17:00:00.000-04:00,445,2,6
2017-04-05T19:00:00.000-04:00,537,3,3
2017-04-07T16:00:00.000-04:00,116,1,1
2017-04-07T17:00:00.000-04:00,369,2,3
2017-04-08T15:00:00.000-04:00,3224,3,1
2017-04-09T11:00:00.000-04:00,279,3,2
2017-04-09T11:00:00.000-04:00,307,5,3
2017-04-09T14:00:00.000-04:00,3387,1,2
2017-04-10T18:00:00.000-04:00,238,2,4
2017-04-11T07:00:00.000-04:00,3255,10,6
2017-04-11T08:00:00.000-04:00,3166,2,1
2017-04-11T13:00:00.000-04:00,3002,2,9
2017-04-11T14:00:00.000-04:00,369,1,2
2017-04-11T16:00:00.000-04:00,279,1,1
2017-04-11T18:00:00.000-04:00,454,4,1
2017-04-12T06:00:00.000-04:00,490,7,1
2017-04-12T09:00:00.000-04:00,3175,2,1
2017-04-12T13:00:00.000-04:00,152,1,1
2017-04-12T14:00:00.000-04:00,195,1,1
2017-04-12T18:00:00.000-04:00,161,2,6
2017-04-12T20:00:00.000-04:00,3447,2,1
2017-04-13T13:00:00.000-04:00,537,2,2
2017-04-13T16:00:00.000-04:00,457,3,3
2017-04-13T17:00:00.000-04:00,2002,5,1
2017-04-13T19:00:00.000-04:00,3383,2,4
2017-04-14T07:00:00.000-04:00,347,1,3
2017-04-14T16:00:00.000-04:00,143,2,2
2017-04-15T12:00:00.000-04:00,488,4,1
2017-04-15T14:00:00.000-04:00,244,1,1
2017-04-15T20:00:00.000-04:00,312,3,1
2017-04-15T21:00:00.000-04:00,3158,1,3
2017-04-16T13:00:00.000-04:00,346,1,2
2017-04-16T13:00:00.000-04:00,3354,4,7
2017-04-16T14:00:00.000-04:00,460,1,1
2017-04-16T19:00:00.000-04:00,351,2,1
2017-04-17T11:00:00.000-04:00,3113,1,1
2017-04-17T18:00:00.000-04:00,490,8,12
2017-04-17T19:00:00.000-04:00,161,2,5
2017-04-18T16:00:00.000-04:00,3175,1,1
2017-04-19T08:00:00.000-04:00,3255,7,4
2017-04-19T11:00:00.000-04:00,3175,1,1
2017-04-19T12:00:00.000-04:00,312,3,2
2017-04-19T13:00:00.000-04:00,238,1,2
2017-04-19T19:00:00.000-04:00,461,2,3
2017-04-19T22:00:00.000-04:00,3255,2,3
2017-04-20T08:00:00.000-04:00,252,3,1
2017-04-20T10:00:00.000-04:00,395,1,1
2017-04-20T21:00:00.000-04:00,536,1,1
2017-04-21T10:00:00.000-04:00,457,4,2
2017-04-21T17:00:00.000-04:00,461,1,3
2017-04-21T22:00:00.000-04:00,490,1,2
2017-04-22T11:00:00.000-04:00,72,2,1
2017-04-22T14:00:00.000-04:00,537,3,2
2017-04-23T09:00:00.000-04:00,3107,1,1
2017-04-23T10:00:00.000-04:00,347,2,1
2017-04-23T15:00:00.000-04:00,365,1,1
2017-04-24T17:00:00.000-04:00,3165,3,3
2017-04-24T18:00:00.000-04:00,252,2,3
2017-04-25T09:00:00.000-04:00,526,2,3
2017-04-25T14:00:00.000-04:00,2012,2,1
2017-04-26T14:00:00.000-04:00,347,2,1
2017-04-27T22:00:00.000-04:00,3002,2,2
2017-04-28T07:00:00.000-04:00,490,7,4
2017-04-28T09:00:00.000-04:00,3397,1,1
2017-04-28T15:00:00.000-04:00,537,1,1
2017-04-28T17:00:00.000-04:00,168,12,8
2017-04-28T18:00:00.000-04:00,153,2,1
2017-04-29T15:00:00.000-04:00,312,2,1
2017-04-30T11:00:00.000-04:00,3135,1,1
2017-04-30T12:00:00.000-04:00,3140,5,3
2017-04-30T13:00:00.000-04:00,490,3,3
2017-04-30T15:00:00.000-04:00,319,3,3
2017-04-30T18:00:00.000-04:00,3148,1,1
2017-04-30T20:00:00.000-04:00,3078,2,1
2017-05-01T13:00:00.000-04:00,3383,3,3
2017-05-01T14:00:00.000-04:00,3002,5,2
2017-05-01T17:00:00.000-04:00,244,2,1
2017-05-02T07:00:00.000-04:00,373,1,1
2017-05-02T09:00:00.000-04:00,3415,1,1
2017-05-02T17:00:00.000-04:00,168,15,2
2017-05-03T06:00:00.000-04:00,3175,2,1
2017-05-03T09:00:00.000-04:00,72,3,1
2017-05-03T15:00:00.000-04:00,150,1,2
2017-05-03T15:00:00.000-04:00,445,1,2
2017-05-04T08:00:00.000-04:00,280,1,2
2017-05-04T09:00:00.000-04:00,238,1,1
2017-05-04T09:00:00.000-04:00,285,2,7
2017-05-04T10:00:00.000-04:00,143,2,1
2017-05-05T17:00:00.000-04:00,3255,3,1
2017-05-05T20:00:00.000-04:00,280,2,1
2017-05-06T13:00:00.000-04:00,3166,1,1
2017-05-06T15:00:00.000-04:00,3002,6,5
2017-05-06T17:00:00.000-04:00,72,2,2
2017-05-06T17:00:00.000-04:00,307,2,2
2017-05-06T18:00:00.000-04:00,3107,3,2
2017-05-07T15:00:00.000-04:00,3311,1,3
2017-05-07T16:00:00.000-04:00,195,2,1
2017-05-08T09:00:00.000-04:00,3158,1,3
2017-05-08T14:00:00.000-04:00,3255,3,4
2017-05-09T08:00:00.000-04:00,3427,4,8
2017-05-09T11:00:00.000-04:00,346,1,1
2017-05-09T14:00:00.000-04:00,161,5,2
2017-05-09T16:00:00.000-04:00,319,4,1
2017-05-10T08:00:00.000-04:00,3175,3,2
2017-05-10T12:00:00.000-04:00,153,3,3
2017-05-10T14:00:00.000-04:00,195,1,2
2017-05-11T15:00:00.000-04:00,2002,1,2
2017-05-11T18:00:00.000-04:00,3175,3,4
2017-05-11T20:00:00.000-04:00,3158,5,1
2017-05-12T07:00:00.000-04:00,150,3,1
2017-05-12T07:00:00.000-04:00,488,1,1
2017-05-12T12:00:00.000-04:00,536,6,4
2017-05-12T17:00:00.000-04:00,72,3,3
2017-05-12T17:00:00.000-04:00,3224,9,6
2017-05-14T13:00:00.000-04:00,3076,3,1
2017-05-14T14:00:00.000-04:00,537,1,2
2017-05-15T07:00:00.000-04:00,3427,2,1
2017-05-15T08:00:00.000-04:00,351,1,5
2017-05-15T21:00:00.000-04:00,168,2,2
2017-05-16T08:00:00.000-04:00,3158,1,1
2017-05-16T14:00:00.000-04:00,351,2,2
2017-05-16T21:00:00.000-04:00,472,1,2
2017-05-17T12:00:00.000-04:00,3308,1,1
2017-05-17T13:00:00.000-04:00,168,3,10
2017-05-17T16:00:00.000-04:00,152,1,1
2017-05-17T17:00:00.000-04:00,347,8,8
2017-05-17T23:00:00.000-04:00,312,2,2
2017-05-18T21:00:00.000-04:00,3427,1,2
2017-05-18T22:00:00.000-04:00,530,2,2
2017-05-19T09:00:00.000-04:00,3359,1,2
2017-05-19T13:00:00.000-04:00,275,1,1
2017-05-19T16:00:00.000-04:00,319,2,1
2017-05-20T09:00:00.000-04:00,116,2,4
2017-05-21T11:00:00.000-04:00,116,4,4
2017-05-21T12:00:00.000-04:00,285,2,2
2017-05-21T20:00:00.000-04:00,536,1,2
2017-05-22T19:00:00.000-04:00,3224,3,3
2017-05-22T19:00:00.000-04:00,3427,3,1
2017-05-23T11:00:00.000-04:00,161,2,2
2017-05-23T19:00:00.000-04:00,312,2,3
2017-05-23T20:00:00.000-04:00,3150,1,1
2017-05-24T06:00:00.000-04:00,490,7,1
2017-05-24T07:00:00.000-04:00,252,3,1
2017-05-24T09:00:00.000-04:00,72,2,2
2017-05-24T12:00:00.000-04:00,3165,1,2
2017-05-24T18:00:00.000-04:00,259,5,5
2017-05-25T20:00:00.000-04:00,3078,1,1
2017-05-26T13:00:00.000-04:00,143,1,1
2017-05-26T15:00:00.000-04:00,3447,2,1
2017-05-26T18:00:00.000-04:00,3344,2,2
2017-05-26T21:00:00.000-04:00,252,1,1
2017-05-27T00:00:00.000-04:00,312,3,1
2017-05-29T08:00:00.000-04:00,2003,1,1
2017-05-30T14:00:00.000-04:00,395,1,1
2017-05-30T16:00:00.000-04:00,3158,1,2
2017-05-31T16:00:00.000-04:00,3148,1,1
2017-06-01T08:00:00.000-04:00,3165,1,3
2017-06-01T13:00:00.000-04:00,3140,1,1
2017-06-01T16:00:00.000-04:00,3464,1,1
2017-06-02T09:00:00.000-04:00,460,3,1
2017-06-02T11:00:00.000-04:00,3283,1,1
2017-06-02T12:00:00.000-04:00,279,2,2
2017-06-03T14:00:00.000-04:00,3107,2,6
2017-06-03T15:00:00.000-04:00,3255,3,1
2017-06-04T09:00:00.000-04:00,526,3,1
2017-06-04T16:00:00.000-04:00,3383,3,1
2017-06-04T20:00:00.000-04:00,526,2,1
2017-06-04T21:00:00.000-04:00,468,1,1
2017-06-05T15:00:00.000-04:00,285,2,2
2017-06-06T06:00:00.000-04:00,537,3,2
2017-06-06T19:00:00.000-04:00,461,2,3
2017-06-07T12:00:00.000-04:00,349,3,1
2017-06-07T15:00:00.000-04:00,500,2,1
2017-06-07T16:00:00.000-04:00,467,2,1
2017-06-07T23:00:00.000-04:00,322,1,1
2017-06-08T08:00:00.000-04:00,116,5,5
2017-06-08T14:00:00.000-04:00,468,1,2
2017-06-08T18:00:00.000-04:00,150,3,4
2017-06-08T18:00:00.000-04:00,3140,4,6
2017-06-08T19:00:00.000-04:00,3140,6,2
2017-06-09T15:00:00.000-04:00,3318,1,1
2017-06-10T07:00:00.000-04:00,536,1,5
2017-06-10T12:00:00.000-04:00,409,2,2
2017-06-11T01:00:00.000-04:00,3224,1,1
2017-06-11T09:00:00.000-04:00,252,2,2
2017-06-11T12:00:00.000-04:00,3392,1,2
2017-06-11T14:00:00.000-04:00,490,6,2
2017-06-11T21:00:00.000-04:00,3120,1,1
2017-06-12T07:00:00.000-04:00,472,1,3
2017-06-12T12:00:00.000-04:00,348,2,1
2017-06-12T21:00:00.000-04:00,252,2,1
2017-06-13T20:00:00.000-04:00,3376,1,1
2017-06-14T09:00:00.000-04:00,3383,4,1
2017-06-14T13:00:00.000-04:00,457,6,4
2017-06-14T13:00:00.000-04:00,536,3,1
2017-06-14T15:00:00.000-04:00,238,2,2
2017-06-14T16:00:00.000-04:00,490,3,3
2017-06-14T18:00:00.000-04:00,3076,1,1
2017-06-14T20:00:00.000-04:00,161,3,1
2017-06-15T11:00:00.000-04:00,143,1,3
2017-06-16T09:00:00.000-04:00,490,3,3
2017-06-16T10:00:00.000-04:00,285,6,5
2017-06-16T21:00:00.000-04:00,2012,1,1
2017-06-17T06:00:00.000-04:00,460,1,1
2017-06-17T11:00:00.000-04:00,530,3,3
2017-06-18T20:00:00.000-04:00,472,4,1
2017-06-19T06:00:00.000-04:00,153,1,1
2017-06-19T20:00:00.000-04:00,3175,1,1
2017-06-20T19:00:00.000-04:00,3312,1,2
2017-06-21T07:00:00.000-04:00,461,2,1
2017-06-21T08:00:00.000-04:00,161,2,1
2017-06-21T09:00:00.000-04:00,195,4,9
2017-06-21T11:00:00.000-04:00,322,1,2
2017-06-22T08:00:00.000-04:00,3387,3,1
2017-06-22T19:00:00.000-04:00,348,3,1
2017-06-22T23:00:00.000-04:00,369,2,2
2017-06-23T07:00:00.000-04:00,3105,1,1
2017-06-23T13:00:00.000-04:00,536,8,2
2017-06-23T14:00:00.000-04:00,3447,1,2
2017-06-24T14:00:00.000-04:00,3368,3,1
2017-06-24T15:00:00.000-04:00,526,2,2
2017-06-25T10:00:00.000-04:00,3002,1,2
2017-06-25T13:00:00.000-04:00,472,4,2
2017-06-25T17:00:00.000-04:00,3347,1,2
2017-06-26T16:00:00.000-04:00,3135,2,1
2017-06-26T18:00:00.000-04:00,3175,1,6
2017-06-26T19:00:00.000-04:00,285,3,3
2017-06-26T19:00:00.000-04:00,460,1,1
2017-06-27T08:00:00.000-04:00,395,3,2
2017-06-27T13:00:00.000-04:00,3255,3,2
2017-06-27T19:00:00.000-04:00,409,1,1
2017-06-29T14:00:00.000-04:00,259,4,1
2017-06-30T08:00:00.000-04:00,285,1,3
2017-06-30T21:00:00.000-04:00,536,1,2
2017-07-01T16:00:00.000-04:00,490,4,2
2017-07-02T11:00:00.000-04:00,348,5,2
2017-07-02T21:00:00.000-04:00,150,1,1
2017-07-03T17:00:00.000-04:00,195,1,2
2017-07-03T17:00:00.000-04:00,472,2,1
2017-07-03T19:00:00.000-04:00,3165,5,4
2017-07-04T19:00:00.000-04:00,3002,1,2
2017-07-05T09:00:00.000-04:00,2002,4,1
2017-07-05T20:00:00.000-04:00,150,1,3
2017-07-06T09:00:00.000-04:00,3383,2,1
2017-07-06T14:00:00.000-04:00,152,1,1
2017-07-06T15:00:00.000-04:00,279,3,3
2017-07-06T16:00:00.000-04:00,468,2,1
2017-07-06T18:00:00.000-04:00,3140,1,3
2017-07-06T21:00:00.000-04:00,312,4,4
2017-07-07T18:00:00.000-04:00,161,3,6
2017-07-08T09:00:00.000-04:00,461,3,1
2017-07-08T16:00:00.000-04:00,3165,7,12
2017-07-08T19:00:00.000-04:00,467,3,1
2017-07-09T08:00:00.000-04:00,259,1,1
2017-07-09T10:00:00.000-04:00,530,5,1
2017-07-09T12:00:00.000-04:00,530,6,2
2017-07-09T14:00:00.000-04:00,346,3,1
2017-07-10T09:00:00.000-04:00,116,3,5
2017-07-10T11:00:00.000-04:00,3397,1,1
2017-07-10T14:00:00.000-04:00,3175,1,3
2017-07-10T15:00:00.000-04:00,461,3,1
2017-07-10T17:00:00.000-04:00,536,1,2
2017-07-10T18:00:00.000-04:00,416,1,2
2017-07-10T19:00:00.000-04:00,351,1,1
2017-07-11T12:00:00.000-04:00,526,3,2
2017-07-11T15:00:00.000-04:00,348,2,1
2017-07-11T15:00:00.000-04:00,457,4,5
2017-07-11T21:00:00.000-04:00,3396,1,1
2017-07-11T22:00:00.000-04:00,537,4,2
2017-07-12T13:00:00.000-04:00,3140,1,1
2017-07-14T08:00:00.000-04:00,3135,1,1
2017-07-14T12:00:00.000-04:00,72,1,1
2017-07-14T19:00:00.000-04:00,319,5,3
2017-07-15T13:00:00.000-04:00,351,2,6
2017-07-15T15:00:00.000-04:00,3383,3,2
2017-07-15T17:00:00.000-04:00,3002,3,4
2017-07-15T19:00:00.000-04:00,3427,3,1
2017-07-15T22:00:00.000-04:00,3459,1,1
2017-07-16T13:00:00.000-04:00,3308,2,1
2017-07-16T15:00:00.000-04:00,536,2,1
2017-07-17T11:00:00.000-04:00,472,2,3
2017-07-17T20:00:00.000-04:00,3140,4,1
2017-07-17T22:00:00.000-04:00,3427,1,1
2017-07-18T21:00:00.000-04:00,445,2,4
2017-07-19T09:00:00.000-04:00,3318,1,1
2017-07-19T11:00:00.000-04:00,3459,1,1
2017-07-19T13:00:00.000-04:00,153,3,1
2017-07-19T16:00:00.000-04:00,279,1,1
2017-07-20T11:00:00.000-04:00,348,6,1
2017-07-20T12:00:00.000-04:00,460,1,1
2017-07-21T05:00:00.000-04:00,2012,1,2
2017-07-21T07:00:00.000-04:00,457,2,3
2017-07-21T19:00:00.000-04:00,307,3,3
2017-07-22T07:00:00.000-04:00,537,3,1
2017-07-23T11:00:00.000-04:00,2002,5,4
2017-07-23T16:00:00.000-04:00,324,3,1
2017-07-23T16:00:00.000-04:00,3348,3,2
2017-07-24T18:00:00.000-04:00,3002,5,6
2017-07-25T16:00:00.000-04:00,2012,1,3
2017-07-25T18:00:00.000-04:00,259,2,2
2017-07-25T21:00:00.000-04:00,457,2,2
2017-07-26T08:00:00.000-04:00,195,8,9
2017-07-26T09:00:00.000-04:00,445,4,1
2017-07-26T17:00:00.000-04:00,3368,4,1
2017-07-26T20:00:00.000-04:00,2003,4,5
2017-07-27T10:00:00.000-04:00,307,1,3
2017-07-27T13:00:00.000-04:00,3107,2,2
2017-07-27T20:00:00.000-04:00,72,2,4
2017-07-28T12:00:00.000-04:00,3158,2,1
2017-07-28T18:00:00.000-04:00,416,1,1
2017-07-29T08:00:00.000-04:00,461,1,1
2017-07-29T13:00:00.000-04:00,3002,7,7
2017-07-29T14:00:00.000-04:00,461,1,3
2017-07-29T15:00:00.000-04:00,324,2,2
2017-07-30T10:00:00.000-04:00,445,5,3
2017-07-31T10:00:00.000-04:00,168,2,2
2017-07-31T18:00:00.000-04:00,2003,4,11
2017-07-31T21:00:00.000-04:00,285,4,2
2017-08-01T11:00:00.000-04:00,468,2,1
2017-08-01T13:00:00.000-04:00,312,1,1
2017-08-01T14:00:00.000-04:00,490,3,3
2017-08-01T14:00:00.000-04:00,500,1,1
2017-08-01T16:00:00.000-04:00,259,1,2
2017-08-01T20:00:00.000-04:00,2003,2,4
2017-08-02T15:00:00.000-04:00,238,1,3
2017-08-02T15:00:00.000-04:00,252,1,1
2017-08-02T18:00:00.000-04:00,324,2,1
2017-08-03T08:00:00.000-04:00,72,4,1
2017-08-03T08:00:00.000-04:00,500,8,9
2017-08-03T11:00:00.000-04:00,3165,1,1
2017-08-03T16:00:00.000-04:00,3357,1,1
2017-08-04T09:00:00.000-04:00,3427,3,2
2017-08-04T12:00:00.000-04:00,457,5,1
2017-08-04T15:00:00.000-04:00,3415,1,1
2017-08-05T10:00:00.000-04:00,285,2,5
2017-08-06T14:00:00.000-04:00,3407,2,2
2017-08-06T19:00:00.000-04:00,457,2,4
2017-08-06T19:00:00.000-04:00,3383,3,1
2017-08-08T08:00:00.000-04:00,3296,2,1
2017-08-08T17:00:00.000-04:00,2002,1,2
2017-08-09T11:00:00.000-04:00,3447,2,1
2017-08-09T13:00:00.000-04:00,285,6,1
2017-08-09T14:00:00.000-04:00,530,1,1
2017-08-09T18:00:00.000-04:00,348,6,4
2017-08-09T19:00:00.000-04:00,3396,1,1
2017-08-10T09:00:00.000-04:00,153,1,6
2017-08-10T09:00:00.000-04:00,312,1,2
2017-08-10T16:00:00.000-04:00,3002,4,5
2017-08-10T17:00:00.000-04:00,3312,2,2
2017-08-10T18:00:00.000-04:00,3002,4,9
2017-08-10T21:00:00.000-04:00,457,3,1
2017-08-11T09:00:00.000-04:00,500,4,3
2017-08-11T10:00:00.000-04:00,307,1,1
2017-08-11T22:00:00.000-04:00,472,1,1
2017-08-12T14:00:00.000-04:00,3318,2,1
2017-08-12T15:00:00.000-04:00,3354,1,3
2017-08-12T19:00:00.000-04:00,153,3,2
2017-08-12T20:00:00.000-04:00,344,1,1
2017-08-13T12:00:00.000-04:00,195,3,1
2017-08-13T19:00:00.000-04:00,3383,1,3
2017-08-14T14:00:00.000-04:00,3255,4,5
2017-08-14T17:00:00.000-04:00,280,2,6
2017-08-15T07:00:00.000-04:00,348,1,2
2017-08-15T14:00:00.000-04:00,346,1,1
2017-08-15T17:00:00.000-04:00,195,4,1
2017-08-15T17:00:00.000-04:00,490,12,7
2017-08-15T19:00:00.000-04:00,3124,2,1
2017-08-16T09:00:00.000-04:00,244,2,1
2017-08-16T12:00:00.000-04:00,238,2,1
2017-08-16T12:00:00.000-04:00,3158,2,1
2017-08-16T21:00:00.000-04:00,3002,1,7
2017-08-16T22:00:00.000-04:00,490,2,1
2017-08-17T06:00:00.000-04:00,537,1,1
2017-08-17T07:00:00.000-04:00,3376,1,3
2017-08-17T10:00:00.000-04:00,530,3,2
2017-08-17T12:00:00.000-04:00,3427,5,2
2017-08-18T15:00:00.000-04:00,537,3,1
2017-08-19T11:00:00.000-04:00,500,1,2
2017-08-19T13:00:00.000-04:00,116,1,6
2017-08-19T17:00:00.000-04:00,319,1,2
2017-08-20T09:00:00.000-04:00,238,2,1
2017-08-20T11:00:00.000-04:00,468,1,3
2017-08-20T14:00:00.000-04:00,348,2,4
2017-08-20T15:00:00.000-04:00,460,3,1
2017-08-20T21:00:00.000-04:00,116,1,2
2017-08-21T07:00:00.000-04:00,3318,1,2
2017-08-21T08:00:00.000-04:00,279,3,4
2017-08-21T11:00:00.000-04:00,472,2,2
2017-08-21T14:00:00.000-04:00,2012,2,2
2017-08-21T15:00:00.000-04:00,3165,7,3
2017-08-22T07:00:00.000-04:00,3255,1,4
2017-08-22T11:00:00.000-04:00,3166,3,2
2017-08-22T16:00:00.000-04:00,312,1,5
2017-08-22T18:00:00.000-04:00,3166,1,2
2017-08-22T19:00:00.000-04:00,3369,1,5
2017-08-23T08:00:00.000-04:00,279,1,4
2017-08-23T20:00:00.000-04:00,460,3,2
2017-08-23T20:00:00.000-04:00,3002,6,5
2017-08-24T09:00:00.000-04:00,3078,1,2
2017-08-24T10:00:00.000-04:00,3165,1,2
2017-08-25T07:00:00.000-04:00,307,4,1
2017-08-25T09:00:00.000-04:00,153,1,4
2017-08-25T15:00:00.000-04:00,72,1,1
2017-08-26T10:00:00.000-04:00,3002,2,2
2017-08-26T14:00:00.000-04:00,285,3,5
2017-08-26T18:00:00.000-04:00,3255,4,3
2017-08-26T19:00:00.000-04:00,3078,1,1
2017-08-27T10:00:00.000-04:00,312,3,4
2017-08-27T15:00:00.000-04:00,119,1,2
2017-08-28T14:00:00.000-04:00,536,3,2
2017-08-28T16:00:00.000-04:00,3447,1,3
2017-08-28T17:00:00.000-04:00,3368,1,1
2017-08-29T06:00:00.000-04:00,3165,2,1
2017-08-29T08:00:00.000-04:00,490,10,11
2017-08-29T08:00:00.000-04:00,3308,3,1
2017-08-29T11:00:00.000-04:00,3467,2,2
2017-08-29T20:00:00.000-04:00,460,1,1
2017-08-30T17:00:00.000-04:00,161,5,3
2017-08-30T17:00:00.000-04:00,369,3,2
2017-08-30T21:00:00.000-04:00,445,1,1
2017-08-31T01:00:00.000-04:00,307,1,1
2017-08-31T07:00:00.000-04:00,536,1,1
2017-08-31T14:00:00.000-04:00,280,1,3
2017-08-31T14:00:00.000-04:00,319,3,3
2017-08-31T17:00:00.000-04:00,3140,1,3
2017-09-01T17:00:00.000-04:00,3283,1,1
2017-09-02T12:00:00.000-04:00,116,2,2
2017-09-02T12:00:00.000-04:00,3383,3,3
2017-09-02T15:00:00.000-04:00,238,2,3
2017-09-02T15:00:00.000-04:00,3113,2,2
2017-09-02T16:00:00.000-04:00,2002,2,2
2017-09-03T00:00:00.000-04:00,445,1,2
2017-09-03T19:00:00.000-04:00,454,1,1
2017-09-04T15:00:00.000-04:00,280,4,1
2017-09-05T07:00:00.000-04:00,445,3,2
2017-09-05T11:00:00.000-04:00,3224,1,1
2017-09-05T17:00:00.000-04:00,536,2,2
2017-09-05T18:00:00.000-04:00,3166,3,4
2017-09-06T08:00:00.000-04:00,2002,1,1
2017-09-07T08:00:00.000-04:00,500,2,5
2017-09-07T08:00:00.000-04:00,2003,7,3
2017-09-07T21:00:00.000-04:00,526,1,1
2017-09-08T08:00:00.000-04:00,3306,3,1
2017-09-08T12:00:00.000-04:00,2012,1,3
2017-09-09T12:00:00.000-04:00,457,9,5
2017-09-10T13:00:00.000-04:00,285,7,1
2017-09-10T15:00:00.000-04:00,143,2,1
2017-09-10T18:00:00.000-04:00,468,1,2
2017-09-10T20:00:00.000-04:00,3224,3,2
2017-09-11T07:00:00.000-04:00,285,4,3
2017-09-11T09:00:00.000-04:00,500,4,5
2017-09-11T09:00:00.000-04:00,3255,4,3
2017-09-11T14:00:00.000-04:00,526,4,1
2017-09-11T21:00:00.000-04:00,537,5,2
2017-09-12T17:00:00.000-04:00,319,5,2
2017-09-12T23:00:00.000-04:00,461,1,2
2017-09-13T06:00:00.000-04:00,2003,2,3
2017-09-13T09:00:00.000-04:00,537,3,2
2017-09-13T11:00:00.000-04:00,259,3,1
2017-09-13T12:00:00.000-04:00,3165,2,1
2017-09-14T15:00:00.000-04:00,536,5,1
2017-09-14T15:00:00.000-04:00,2002,1,1
2017-09-14T17:00:00.000-04:00,445,3,8
2017-09-14T20:00:00.000-04:00,3150,1,2
2017-09-15T07:00:00.000-04:00,238,4,1
2017-09-15T08:00:00.000-04:00,2003,6,1
2017-09-15T09:00:00.000-04:00,161,3,6
2017-09-15T09:00:00.000-04:00,3346,1,1
2017-09-15T10:00:00.000-04:00,3224,1,3
2017-09-15T15:00:00.000-04:00,347,6,3
2017-09-15T16:00:00.000-04:00,468,2,2
2017-09-15T17:00:00.000-04:00,537,5,8
2017-09-15T17:00:00.000-04:00,3383,3,4
2017-09-15T19:00:00.000-04:00,530,1,2
2017-09-16T10:00:00.000-04:00,467,1,2
2017-09-16T10:00:00.000-04:00,3165,1,3
2017-09-16T10:00:00.000-04:00,3354,1,1
2017-09-16T14:00:00.000-04:00,275,1,2
2017-09-16T16:00:00.000-04:00,460,5,2
2017-09-16T17:00:00.000-04:00,161,3,5
2017-09-16T21:00:00.000-04:00,490,2,1
2017-09-18T08:00:00.000-04:00,468,2,9
2017-09-18T09:00:00.000-04:00,322,1,5
2017-09-18T10:00:00.000-04:00,3002,1,3
2017-09-18T11:00:00.000-04:00,468,2,3
2017-09-18T20:00:00.000-04:00,3315,1,1
2017-09-18T21:00:00.000-04:00,161,2,4
2017-09-18T22:00:00.000-04:00,285,1,6
2017-09-20T07:00:00.000-04:00,3140,5,2
2017-09-20T13:00:00.000-04:00,351,2,2
2017-09-20T14:00:00.000-04:00,3346,2,1
2017-09-20T17:00:00.000-04:00,3359,3,1
2017-09-21T07:00:00.000-04:00,3002,1,4
2017-09-21T08:00:00.000-04:00,3049,1,1
2017-09-21T09:00:00.000-04:00,3052,1,1
2017-09-21T13:00:00.000-04:00,3467,2,2
2017-09-21T15:00:00.000-04:00,285,4,4
2017-09-21T16:00:00.000-04:00,2002,1,4
2017-09-21T22:00:00.000-04:00,3427,2,1
2017-09-22T18:00:00.000-04:00,467,3,3
2017-09-22T20:00:00.000-04:00,307,5,4
2017-09-22T20:00:00.000-04:00,445,1,3
2017-09-23T09:00:00.000-04:00,349,3,1
2017-09-23T12:00:00.000-04:00,322,1,2
2017-09-23T16:00:00.000-04:00,3255,5,3
2017-09-24T12:00:00.000-04:00,3283,1,1
2017-09-25T12:00:00.000-04:00,3459,2,1
2017-09-25T15:00:00.000-04:00,468,1,1
2017-09-26T09:00:00.000-04:00,534,1,3
2017-09-26T10:00:00.000-04:00,460,1,2
2017-09-26T13:00:00.000-04:00,3102,1,1
2017-09-26T17:00:00.000-04:00,238,2,3
2017-09-26T18:00:00.000-04:00,3346,1,3
2017-09-26T19:00:00.000-04:00,457,1,1
2017-09-27T06:00:00.000-04:00,3224,1,1
2017-09-27T07:00:00.000-04:00,72,5,1
2017-09-27T07:00:00.000-04:00,369,1,1
2017-09-27T16:00:00.000-04:00,3308,1,1
2017-09-27T16:00:00.000-04:00,3632,1,3
2017-09-27T19:00:00.000-04:00,152,1,1
2017-09-28T09:00:00.000-04:00,324,1,2
2017-09-28T15:00:00.000-04:00,472,1,1
2017-09-28T16:00:00.000-04:00,467,2,1
2017-09-29T08:00:00.000-04:00,500,2,6
2017-09-29T10:00:00.000-04:00,349,1,1
2017-09-29T11:00:00.000-04:00,2003,2,1
2017-09-29T16:00:00.000-04:00,460,4,2
2017-09-29T17:00:00.000-04:00,369,1,1
2017-09-29T19:00:00.000-04:00,2002,2,3
2017-09-30T09:00:00.000-04:00,490,1,1
2017-09-30T10:00:00.000-04:00,369,2,1
2017-09-30T13:00:00.000-04:00,168,7,1
2017-09-30T13:00:00.000-04:00,280,3,2
2017-09-30T14:00:00.000-04:00,369,4,2
2017-09-30T15:00:00.000-04:00,3158,1,3
2017-09-30T19:00:00.000-04:00,3075,1,1
2017-10-01T11:00:00.000-04:00,72,3,3
2017-10-01T17:00:00.000-04:00,537,3,5
2017-10-01T17:00:00.000-04:00,3306,1,2
2017-10-01T19:00:00.000-04:00,279,2,3
2017-10-01T23:00:00.000-04:00,285,1,3
2017-10-02T09:00:00.000-04:00,319,2,7
2017-10-02T18:00:00.000-04:00,72,3,2
2017-10-02T19:00:00.000-04:00,280,5,1
2017-10-02T20:00:00.000-04:00,2003,5,1
2017-10-02T22:00:00.000-04:00,3150,1,1
2017-10-03T06:00:00.000-04:00,319,1,2
2017-10-03T12:00:00.000-04:00,168,3,9
2017-10-03T13:00:00.000-04:00,3359,1,4
2017-10-04T05:00:00.000-04:00,457,1,1
2017-10-04T09:00:00.000-04:00,116,2,2
2017-10-04T09:00:00.000-04:00,3407,1,1
2017-10-04T14:00:00.000-04:00,168,3,1
2017-10-04T19:00:00.000-04:00,537,3,5
2017-10-04T20:00:00.000-04:00,369,2,5
2017-10-05T08:00:00.000-04:00,3354,3,1
2017-10-05T12:00:00.000-04:00,238,1,2
2017-10-05T19:00:00.000-04:00,3140,2,4
2017-10-05T20:00:00.000-04:00,3368,1,1
2017-10-06T07:00:00.000-04:00,2002,1,2
2017-10-06T08:00:00.000-04:00,3102,1,1
2017-10-06T09:00:00.000-04:00,307,5,2
2017-10-06T12:00:00.000-04:00,252,1,4
2017-10-06T17:00:00.000-04:00,445,1,10
2017-10-06T18:00:00.000-04:00,346,4,1
2017-10-06T20:00:00.000-04:00,161,3,1
2017-10-07T09:00:00.000-04:00,468,1,1
2017-10-07T17:00:00.000-04:00,347,2,2
2017-10-07T20:00:00.000-04:00,3373,1,1
2017-10-08T10:00:00.000-04:00,307,2,2
2017-10-08T17:00:00.000-04:00,3318,3,1
2017-10-09T00:00:00.000-04:00,445,1,1
2017-10-09T19:00:00.000-04:00,530,3,1
2017-10-10T08:00:00.000-04:00,3224,3,2
2017-10-10T11:00:00.000-04:00,285,4,3
2017-10-10T13:00:00.000-04:00,346,1,5
2017-10-10T18:00:00.000-04:00,3373,2,2
2017-10-10T19:00:00.000-04:00,72,2,1
2017-10-11T07:00:00.000-04:00,3459,4,6
2017-10-11T18:00:00.000-04:00,3373,2,1
2017-10-12T17:00:00.000-04:00,3102,1,1
2017-10-13T08:00:00.000-04:00,457,7,6
2017-10-13T10:00:00.000-04:00,3341,2,1
2017-10-13T18:00:00.000-04:00,3368,1,2
2017-10-13T19:00:00.000-04:00,143,1,1
2017-10-13T19:00:00.000-04:00,3396,1,2
2017-10-14T18:00:00.000-04:00,245,2,1
2017-10-15T08:00:00.000-04:00,143,2,1
2017-10-15T20:00:00.000-04:00,454,1,1
2017-10-16T00:00:00.000-04:00,490,1,1
2017-10-16T12:00:00.000-04:00,279,1,1
2017-10-16T14:00:00.000-04:00,285,2,4
2017-10-17T12:00:00.000-04:00,3346,3,2
2017-10-17T15:00:00.000-04:00,161,4,1
2017-10-17T18:00:00.000-04:00,3123,1,1
2017-10-17T19:00:00.000-04:00,280,1,3
2017-10-18T09:00:00.000-04:00,445,1,1
2017-10-18T09:00:00.000-04:00,526,5,8
2017-10-18T10:00:00.000-04:00,3427,2,1
2017-10-18T18:00:00.000-04:00,3102,1,1
2017-10-19T06:00:00.000-04:00,195,2,1
2017-10-19T08:00:00.000-04:00,319,3,4
2017-10-19T08:00:00.000-04:00,472,6,4
2017-10-19T14:00:00.000-04:00,307,3,3
2017-10-19T15:00:00.000-04:00,2002,2,2
2017-10-19T15:00:00.000-04:00,3387,1,3
2017-10-19T17:00:00.000-04:00,3368,1,3
2017-10-20T08:00:00.000-04:00,536,5,4
2017-10-20T16:00:00.000-04:00,161,2,7
2017-10-21T09:00:00.000-04:00,3347,1,1
2017-10-21T13:00:00.000-04:00,490,5,3
2017-10-22T12:00:00.000-04:00,468,2,4
2017-10-22T20:00:00.000-04:00,349,1,1
2017-10-23T13:00:00.000-04:00,161,7,5
2017-10-23T14:00:00.000-04:00,534,1,1
2017-10-23T16:00:00.000-04:00,3447,3,1
2017-10-23T18:00:00.000-04:00,445,3,4
2017-10-23T20:00:00.000-04:00,285,6,2
2017-10-24T18:00:00.000-04:00,369,2,4
2017-10-25T07:00:00.000-04:00,3318,1,2
2017-10-25T09:00:00.000-04:00,347,5,6
2017-10-25T09:00:00.000-04:00,3283,1,1
2017-10-25T14:00:00.000-04:00,346,1,2
2017-10-25T14:00:00.000-04:00,3467,4,2
2017-10-25T22:00:00.000-04:00,252,1,1
2017-10-25T23:00:00.000-04:00,307,1,1
2017-10-26T08:00:00.000-04:00,3576,1,1
2017-10-26T09:00:00.000-04:00,3459,3,4
2017-10-26T20:00:00.000-04:00,3516,2,1
2017-10-26T21:00:00.000-04:00,3311,1,1
2017-10-26T22:00:00.000-04:00,3224,2,1
2017-10-27T07:00:00.000-04:00,3102,2,1
2017-10-27T07:00:00.000-04:00,3140,4,1
2017-10-27T07:00:00.000-04:00,3311,2,1
2017-10-27T17:00:00.000-04:00,238,2,5
2017-10-27T18:00:00.000-04:00,3536,3,3
2017-10-27T22:00:00.000-04:00,285,7,1
2017-10-28T10:00:00.000-04:00,260,1,1
2017-10-28T12:00:00.000-04:00,3113,1,3
2017-10-28T14:00:00.000-04:00,351,4,4
2017-10-28T15:00:00.000-04:00,280,3,3
2017-10-28T22:00:00.000-04:00,285,1,2
2017-10-28T23:00:00.000-04:00,3158,1,2
2017-10-30T14:00:00.000-04:00,279,2,1
2017-10-31T07:00:00.000-04:00,530,1,1
2017-10-31T07:00:00.000-04:00,3427,2,6
2017-11-01T13:00:00.000-04:00,3255,3,2
2017-11-01T14:00:00.000-04:00,312,1,2
2017-11-01T16:00:00.000-04:00,3255,3,17
2017-11-01T17:00:00.000-04:00,195,4,2
2017-11-01T17:00:00.000-04:00,3318,1,1
2017-11-01T20:00:00.000-04:00,279,2,3
2017-11-02T14:00:00.000-04:00,3166,2,1
2017-11-02T22:00:00.000-04:00,445,1,3
2017-11-03T06:00:00.000-04:00,530,1,1
2017-11-03T13:00:00.000-04:00,369,2,2
2017-11-03T14:00:00.000-04:00,307,1,1
2017-11-03T17:00:00.000-04:00,161,5,3
2017-11-04T12:00:00.000-04:00,346,3,4
2017-11-04T13:00:00.000-04:00,259,2,4
2017-11-04T13:00:00.000-04:00,3166,5,2
2017-11-05T08:00:00.000-05:00,3102,1,2
2017-11-05T12:00:00.000-05:00,445,4,1
2017-11-06T09:00:00.000-05:00,2003,1,1
2017-11-06T12:00:00.000-05:00,530,2,2
2017-11-06T15:00:00.000-05:00,461,1,2
2017-11-06T19:00:00.000-05:00,457,3,1
2017-11-07T06:00:00.000-05:00,152,1,1
2017-11-07T09:00:00.000-05:00,3002,2,2
2017-11-07T11:00:00.000-05:00,3224,1,3
2017-11-07T12:00:00.000-05:00,3318,1,1
2017-11-08T19:00:00.000-05:00,3002,1,1
2017-11-08T20:00:00.000-05:00,285,1,6
2017-11-08T20:00:00.000-05:00,3140,1,1
2017-11-09T06:00:00.000-05:00,252,1,1
2017-11-09T08:00:00.000-05:00,468,9,4
2017-11-09T11:00:00.000-05:00,490,3,2
2017-11-09T17:00:00.000-05:00,526,7,2
2017-11-10T10:00:00.000-05:00,468,2,2
2017-11-10T11:00:00.000-05:00,143,1,2
2017-11-10T17:00:00.000-05:00,3255,1,12
2017-11-12T16:00:00.000-05:00,3347,1,1
2017-11-12T18:00:00.000-05:00,285,2,6
2017-11-13T17:00:00.000-05:00,116,5,1
2017-11-13T17:00:00.000-05:00,472,4,4
2017-11-13T17:00:00.000-05:00,3467,2,3
2017-11-13T19:00:00.000-05:00,3318,1,1
2017-11-14T08:00:00.000-05:00,252,1,1
2017-11-14T09:00:00.000-05:00,2002,1,2
2017-11-14T13:00:00.000-05:00,3107,3,1
2017-11-14T20:00:00.000-05:00,457,2,3
2017-11-15T07:00:00.000-05:00,3158,2,1
2017-11-15T08:00:00.000-05:00,238,2,1
2017-11-15T08:00:00.000-05:00,280,4,5
2017-11-16T11:00:00.000-05:00,285,1,1
2017-11-17T18:00:00.000-05:00,3315,1,2
2017-11-19T10:00:00.000-05:00,537,6,2
2017-11-19T15:00:00.000-05:00,3467,2,1
2017-11-19T16:00:00.000-05:00,3158,4,1
2017-11-20T08:00:00.000-05:00,3318,2,2
2017-11-20T08:00:00.000-05:00,3459,3,6
2017-11-20T12:00:00.000-05:00,152,2,2
2017-11-20T20:00:00.000-05:00,445,1,2
2017-11-21T18:00:00.000-05:00,3107,1,2
2017-11-22T19:00:00.000-05:00,168,3,2
2017-11-24T19:00:00.000-05:00,3158,1,1
2017-11-25T07:00:00.000-05:00,2003,2,2
2017-11-25T12:00:00.000-05:00,3158,3,1
2017-11-25T14:00:00.000-05:00,3467,2,3
2017-11-25T15:00:00.000-05:00,351,2,1
2017-11-26T17:00:00.000-05:00,168,1,2
2017-11-26T17:00:00.000-05:00,3510,1,1
2017-11-27T09:00:00.000-05:00,3113,1,1
2017-11-27T17:00:00.000-05:00,3315,1,2
2017-11-27T19:00:00.000-05:00,252,1,4
2017-11-28T12:00:00.000-05:00,3467,1,1
2017-11-28T19:00:00.000-05:00,3224,4,2
2017-11-29T18:00:00.000-05:00,152,1,1
2017-11-30T16:00:00.000-05:00,260,1,1
2017-11-30T16:00:00.000-05:00,500,3,1
2017-11-30T18:00:00.000-05:00,526,1,4
2017-12-02T13:00:00.000-05:00,244,1,1
2017-12-03T13:00:00.000-05:00,307,3,2
2017-12-03T13:00:00.000-05:00,3467,4,2
2017-12-03T15:00:00.000-05:00,3308,1,1
2017-12-04T09:00:00.000-05:00,536,2,3
2017-12-04T14:00:00.000-05:00,168,1,2
2017-12-04T14:00:00.000-05:00,3166,1,3
2017-12-04T16:00:00.000-05:00,537,3,3
2017-12-04T18:00:00.000-05:00,347,3,2
2017-12-05T10:00:00.000-05:00,460,1,1
2017-12-05T11:00:00.000-05:00,3447,1,3
2017-12-06T17:00:00.000-05:00,3078,2,1
2017-12-06T18:00:00.000-05:00,195,4,1
2017-12-07T08:00:00.000-05:00,500,5,8
2017-12-07T11:00:00.000-05:00,307,1,1
2017-12-07T18:00:00.000-05:00,3166,2,1
2017-12-08T15:00:00.000-05:00,347,1,1
2017-12-10T12:00:00.000-05:00,252,3,1
2017-12-11T07:00:00.000-05:00,457,1,1
2017-12-11T10:00:00.000-05:00,280,3,2
2017-12-11T15:00:00.000-05:00,467,1,1
2017-12-12T10:00:00.000-05:00,285,2,6
2017-12-12T17:00:00.000-05:00,461,1,2
2017-12-12T19:00:00.000-05:00,445,1,6
2017-12-13T14:00:00.000-05:00,3467,1,1
2017-12-13T17:00:00.000-05:00,280,2,2
2017-12-13T22:00:00.000-05:00,3166,1,1
2017-12-16T16:00:00.000-05:00,3107,3,1
2017-12-18T16:00:00.000-05:00,3447,1,1
2017-12-18T17:00:00.000-05:00,534,3,1
2017-12-18T20:00:00.000-05:00,161,3,1
2017-12-19T10:00:00.000-05:00,3467,1,3
2017-12-20T09:00:00.000-05:00,347,1,2
2017-12-21T16:00:00.000-05:00,3255,1,8
2017-12-21T17:00:00.000-05:00,3140,1,5
2017-12-22T12:00:00.000-05:00,537,1,1
2017-12-26T16:00:00.000-05:00,195,1,1
2017-12-28T12:00:00.000-05:00,238,1,2
2017-12-29T19:00:00.000-05:00,3467,1,1
2018-01-02T18:00:00.000-05:00,537,2,2
2018-01-07T13:00:00.000-05:00,536,1,1
2018-01-10T17:00:00.000-05:00,2003,2,3
2018-01-10T17:00:00.000-05:00,3417,1,1
2018-01-10T18:00:00.000-05:00,150,1,2
2018-01-11T06:00:00.000-05:00,3002,1,1
2018-01-11T20:00:00.000-05:00,307,2,2
2018-01-13T08:00:00.000-05:00,161,1,2
2018-01-14T13:00:00.000-05:00,3497,1,1
2018-01-15T15:00:00.000-05:00,445,1,1
2018-01-17T12:00:00.000-05:00,347,1,2
2018-01-17T18:00:00.000-05:00,312,1,1
2018-01-18T08:00:00.000-05:00,3632,2,1
2018-01-18T14:00:00.000-05:00,490,1,1
2018-01-19T09:00:00.000-05:00,195,1,1
2018-01-19T10:00:00.000-05:00,307,1,1
2018-01-19T17:00:00.000-05:00,3255,2,23
2018-01-19T19:00:00.000-05:00,3140,2,2
2018-01-21T10:00:00.000-05:00,285,2,1
2018-01-21T16:00:00.000-05:00,3427,3,1
2018-01-22T20:00:00.000-05:00,3158,3,1
2018-01-23T17:00:00.000-05:00,285,5,2
2018-01-23T20:00:00.000-05:00,537,2,1
2018-01-24T06:00:00.000-05:00,168,1,1
2018-01-24T09:00:00.000-05:00,244,1,2
2018-01-24T17:00:00.000-05:00,3165,1,2
2018-01-24T20:00:00.000-05:00,537,1,3
2018-01-25T11:00:00.000-05:00,3632,1,1
2018-01-25T17:00:00.000-05:00,534,2,1
2018-01-25T18:00:00.000-05:00,72,2,3
2018-01-25T18:00:00.000-05:00,152,3,1
2018-01-26T07:00:00.000-05:00,278,1,1
2018-01-26T17:00:00.000-05:00,72,7,1
2018-01-26T17:00:00.000-05:00,3002,3,4
2018-01-26T19:00:00.000-05:00,275,2,1
2018-01-26T19:00:00.000-05:00,416,1,1
2018-01-27T10:00:00.000-05:00,319,1,1
2018-01-27T22:00:00.000-05:00,285,1,2
2018-01-29T18:00:00.000-05:00,3165,3,2
2018-01-30T18:00:00.000-05:00,161,2,5
2018-01-31T12:00:00.000-05:00,3175,2,1
2018-01-31T13:00:00.000-05:00,3002,1,1
2018-02-01T11:00:00.000-05:00,3322,1,1
2018-02-01T17:00:00.000-05:00,168,3,4
2018-02-01T20:00:00.000-05:00,285,2,3
2018-02-02T20:00:00.000-05:00,3135,1,1
2018-02-04T09:00:00.000-05:00,3417,1,1
2018-02-05T09:00:00.000-05:00,461,1,1
2018-02-06T11:00:00.000-05:00,3224,2,1
2018-02-06T16:00:00.000-05:00,3049,1,1
2018-02-06T18:00:00.000-05:00,238,1,2
2018-02-06T20:00:00.000-05:00,526,1,2
2018-02-08T18:00:00.000-05:00,307,1,3
2018-02-09T09:00:00.000-05:00,467,2,1
2018-02-09T15:00:00.000-05:00,537,1,2
2018-02-10T13:00:00.000-05:00,150,1,1
2018-02-12T13:00:00.000-05:00,168,1,1
2018-02-12T15:00:00.000-05:00,238,1,1
2018-02-13T07:00:00.000-05:00,3002,2,2
2018-02-13T13:00:00.000-05:00,457,1,1
2018-02-13T16:00:00.000-05:00,195,2,1
2018-02-13T19:00:00.000-05:00,461,4,3
2018-02-13T21:00:00.000-05:00,285,3,2
2018-02-14T07:00:00.000-05:00,536,1,1
2018-02-14T18:00:00.000-05:00,457,2,2
2018-02-15T09:00:00.000-05:00,238,2,1
2018-02-15T17:00:00.000-05:00,3369,1,1
2018-02-15T18:00:00.000-05:00,280,3,4
2018-02-16T08:00:00.000-05:00,468,2,3
2018-02-16T14:00:00.000-05:00,347,1,1
2018-02-16T16:00:00.000-05:00,307,3,1
2018-02-16T20:00:00.000-05:00,3467,1,1
2018-02-17T13:00:00.000-05:00,312,1,1
2018-02-17T14:00:00.000-05:00,460,1,2
2018-02-17T15:00:00.000-05:00,3604,1,1
2018-02-18T14:00:00.000-05:00,3346,1,1
2018-02-18T15:00:00.000-05:00,468,3,2
2018-02-19T17:00:00.000-05:00,168,2,1
2018-02-19T17:00:00.000-05:00,3315,1,1
2018-02-20T12:00:00.000-05:00,3383,2,2
2018-02-20T17:00:00.000-05:00,3002,7,5
2018-02-20T19:00:00.000-05:00,143,2,1
2018-02-20T19:00:00.000-05:00,3077,1,1
2018-02-20T20:00:00.000-05:00,2003,1,3
2018-02-21T08:00:00.000-05:00,3158,4,2
2018-02-22T06:00:00.000-05:00,312,1,1
2018-02-22T13:00:00.000-05:00,526,1,2
2018-02-22T18:00:00.000-05:00,347,4,2
2018-02-23T08:00:00.000-05:00,168,1,2
2018-02-23T08:00:00.000-05:00,490,4,3
2018-02-23T09:00:00.000-05:00,500,2,1
2018-02-24T13:00:00.000-05:00,3224,1,1
2018-02-25T16:00:00.000-05:00,461,2,1
2018-02-26T06:00:00.000-05:00,319,1,1
2018-02-26T08:00:00.000-05:00,3497,1,2
2018-02-26T18:00:00.000-05:00,3467,3,1
2018-02-27T12:00:00.000-05:00,3283,1,1
2018-02-27T17:00:00.000-05:00,244,1,2
2018-02-27T17:00:00.000-05:00,3283,1,2
2018-02-28T14:00:00.000-05:00,3002,2,1
2018-02-28T15:00:00.000-05:00,536,2,2
2018-03-01T14:00:00.000-05:00,168,4,2
2018-03-01T20:00:00.000-05:00,3150,1,1
2018-03-02T22:00:00.000-05:00,280,1,1
2018-03-03T10:00:00.000-05:00,252,1,1
2018-03-03T11:00:00.000-05:00,490,2,1
2018-03-03T14:00:00.000-05:00,150,2,1
2018-03-03T20:00:00.000-05:00,346,1,3
2018-03-04T11:00:00.000-05:00,275,1,2
2018-03-04T16:00:00.000-05:00,3158,2,2
2018-03-05T15:00:00.000-05:00,349,3,1
2018-03-05T19:00:00.000-05:00,2003,2,4
2018-03-06T19:00:00.000-05:00,312,1,1
2018-03-08T19:00:00.000-05:00,3165,1,1
2018-03-09T10:00:00.000-05:00,467,1,1
2018-03-09T10:00:00.000-05:00,3224,3,1
2018-03-09T15:00:00.000-05:00,2012,1,2
2018-03-10T13:00:00.000-05:00,2003,4,1
2018-03-10T16:00:00.000-05:00,369,1,3
2018-03-10T18:00:00.000-05:00,3255,2,1
2018-03-11T13:00:00.000-04:00,280,2,1
2018-03-12T13:00:00.000-04:00,457,1,1
2018-03-14T08:00:00.000-04:00,3459,1,1
2018-03-14T14:00:00.000-04:00,3427,3,4
2018-03-14T16:00:00.000-04:00,3516,1,1
2018-03-14T17:00:00.000-04:00,3224,1,1
2018-03-14T17:00:00.000-04:00,3255,2,16
2018-03-15T15:00:00.000-04:00,3255,3,3
2018-03-16T08:00:00.000-04:00,472,3,8
2018-03-16T18:00:00.000-04:00,238,2,1
2018-03-16T19:00:00.000-04:00,2012,2,1
2018-03-16T20:00:00.000-04:00,346,1,1
2018-03-18T17:00:00.000-04:00,3052,1,1
2018-03-19T15:00:00.000-04:00,344,1,3
2018-03-19T19:00:00.000-04:00,3113,1,1
2018-03-23T11:00:00.000-04:00,307,3,1
2018-03-23T16:00:00.000-04:00,3571,1,1
2018-03-24T09:00:00.000-04:00,3459,1,1
2018-03-24T12:00:00.000-04:00,3658,1,1
2018-03-24T16:00:00.000-04:00,3318,3,2
2018-03-24T17:00:00.000-04:00,312,2,3
2018-03-26T09:00:00.000-04:00,3427,2,2
2018-03-27T07:00:00.000-04:00,3140,1,2
2018-03-27T21:00:00.000-04:00,307,1,2
2018-03-28T11:00:00.000-04:00,346,1,1
2018-03-29T10:00:00.000-04:00,319,1,1
2018-03-29T13:00:00.000-04:00,526,5,1
2018-03-29T13:00:00.000-04:00,3427,1,1
2018-03-30T14:00:00.000-04:00,3158,6,3
2018-03-31T09:00:00.000-04:00,500,1,1
2018-03-31T20:00:00.000-04:00,319,1,5
2018-03-31T20:00:00.000-04:00,347,1,1
2018-04-01T10:00:00.000-04:00,3077,2,1
2018-04-01T17:00:00.000-04:00,3224,2,2
2018-04-02T17:00:00.000-04:00,260,1,1
2018-04-05T21:00:00.000-04:00,472,1,1
2018-04-06T00:00:00.000-04:00,3516,1,1
2018-04-06T17:00:00.000-04:00,280,1,2
2018-04-06T18:00:00.000-04:00,3113,2,3
2018-04-06T18:00:00.000-04:00,3427,8,5
2018-04-07T10:00:00.000-04:00,285,3,4
2018-04-08T15:00:00.000-04:00,3224,1,1
2018-04-08T19:00:00.000-04:00,490,2,1
2018-04-09T13:00:00.000-04:00,319,2,1
2018-04-09T17:00:00.000-04:00,3459,8,1
2018-04-09T17:00:00.000-04:00,3632,1,1
2018-04-11T06:00:00.000-04:00,3002,1,1
2018-04-11T11:00:00.000-04:00,461,1,2
2018-04-12T10:00:00.000-04:00,445,1,3
2018-04-12T11:00:00.000-04:00,3002,1,2
2018-04-12T18:00:00.000-04:00,3496,2,1
2018-04-12T19:00:00.000-04:00,3576,1,1
2018-04-13T07:00:00.000-04:00,530,5,1
2018-04-13T08:00:00.000-04:00,3158,2,3
2018-04-14T07:00:00.000-04:00,346,1,1
2018-04-14T11:00:00.000-04:00,3140,2,3
2018-04-15T11:00:00.000-04:00,457,3,3
2018-04-15T13:00:00.000-04:00,3427,1,1
2018-04-16T23:00:00.000-04:00,349,1,1
2018-04-17T10:00:00.000-04:00,2002,2,1
2018-04-18T06:00:00.000-04:00,168,1,3
2018-04-18T08:00:00.000-04:00,346,5,2
2018-04-18T13:00:00.000-04:00,252,1,2
2018-04-19T06:00:00.000-04:00,2012,1,3
2018-04-19T20:00:00.000-04:00,3373,1,1
2018-04-20T08:00:00.000-04:00,252,1,1
2018-04-21T13:00:00.000-04:00,252,6,7
2018-04-21T15:00:00.000-04:00,3311,1,1
2018-04-21T15:00:00.000-04:00,3613,3,2
2018-04-21T17:00:00.000-04:00,346,1,3
2018-04-22T10:00:00.000-04:00,445,2,5
2018-04-22T10:00:00.000-04:00,457,9,3
2018-04-22T15:00:00.000-04:00,3120,2,2
2018-04-22T16:00:00.000-04:00,346,5,7
2018-04-22T16:00:00.000-04:00,490,2,1
2018-04-22T17:00:00.000-04:00,3644,1,3
2018-04-22T18:00:00.000-04:00,3354,3,2
2018-04-23T06:00:00.000-04:00,252,1,1
2018-04-23T08:00:00.000-04:00,490,7,5
2018-04-23T09:00:00.000-04:00,307,1,1
2018-04-24T10:00:00.000-04:00,460,1,3
2018-04-24T14:00:00.000-04:00,259,3,2
2018-04-24T17:00:00.000-04:00,2003,1,1
2018-04-24T18:00:00.000-04:00,3680,2,1
2018-04-25T18:00:00.000-04:00,468,3,2
2018-04-26T09:00:00.000-04:00,195,2,5
2018-04-26T13:00:00.000-04:00,3427,1,2
2018-04-26T14:00:00.000-04:00,461,1,4
2018-04-26T18:00:00.000-04:00,72,1,4
2018-04-26T21:00:00.000-04:00,536,2,1
2018-04-26T22:00:00.000-04:00,3224,1,4
2018-04-27T18:00:00.000-04:00,2003,2,1
2018-04-27T21:00:00.000-04:00,2003,1,2
2018-04-28T15:00:00.000-04:00,319,1,3
2018-04-28T15:00:00.000-04:00,3427,6,5
2018-04-29T10:00:00.000-04:00,3396,1,1
2018-04-29T15:00:00.000-04:00,312,7,5
2018-04-29T16:00:00.000-04:00,3615,2,1
2018-04-30T07:00:00.000-04:00,324,1,1
2018-04-30T08:00:00.000-04:00,72,1,1
2018-04-30T09:00:00.000-04:00,285,7,7
2018-05-01T14:00:00.000-04:00,285,3,6
2018-05-01T14:00:00.000-04:00,3224,1,2
2018-05-01T18:00:00.000-04:00,3497,1,1
2018-05-01T19:00:00.000-04:00,252,5,2
2018-05-02T08:00:00.000-04:00,3165,5,1
2018-05-02T14:00:00.000-04:00,3347,2,2
2018-05-02T18:00:00.000-04:00,467,1,2
2018-05-03T02:00:00.000-04:00,3002,1,1
2018-05-03T11:00:00.000-04:00,285,4,3
2018-05-04T06:00:00.000-04:00,3447,2,1
2018-05-04T17:00:00.000-04:00,3632,3,8
2018-05-05T10:00:00.000-04:00,3148,2,1
2018-05-05T11:00:00.000-04:00,319,3,2
2018-05-05T13:00:00.000-04:00,445,4,1
2018-05-06T12:00:00.000-04:00,289,1,1
2018-05-06T14:00:00.000-04:00,3124,2,3
2018-05-06T17:00:00.000-04:00,3615,1,1
2018-05-06T19:00:00.000-04:00,461,1,1
2018-05-07T17:00:00.000-04:00,3376,2,1
2018-05-07T22:00:00.000-04:00,3166,1,2
2018-05-08T23:00:00.000-04:00,324,1,1
2018-05-09T08:00:00.000-04:00,161,1,4
2018-05-09T15:00:00.000-04:00,3536,3,1
2018-05-09T19:00:00.000-04:00,472,2,4
2018-05-10T06:00:00.000-04:00,3315,2,1
2018-05-10T09:00:00.000-04:00,3344,1,2
2018-05-10T22:00:00.000-04:00,3158,1,1
2018-05-11T08:00:00.000-04:00,3510,1,1
2018-05-11T09:00:00.000-04:00,168,3,13
2018-05-11T14:00:00.000-04:00,3158,1,1
2018-05-11T16:00:00.000-04:00,161,4,1
2018-05-11T18:00:00.000-04:00,534,1,2
2018-05-11T18:00:00.000-04:00,3615,2,1
2018-05-12T13:00:00.000-04:00,3075,1,1
2018-05-12T15:00:00.000-04:00,285,4,9
2018-05-13T19:00:00.000-04:00,3671,1,2
2018-05-14T08:00:00.000-04:00,2012,5,1
2018-05-14T19:00:00.000-04:00,3107,3,3
2018-05-15T08:00:00.000-04:00,3296,2,1
2018-05-15T12:00:00.000-04:00,3158,2,3
2018-05-16T09:00:00.000-04:00,161,2,2
2018-05-16T11:00:00.000-04:00,472,2,1
2018-05-16T12:00:00.000-04:00,536,1,2
2018-05-16T19:00:00.000-04:00,3407,1,1
2018-05-17T08:00:00.000-04:00,3459,1,3
2018-05-17T11:00:00.000-04:00,285,1,2
2018-05-17T15:00:00.000-04:00,457,2,5
2018-05-17T17:00:00.000-04:00,534,4,3
2018-05-17T19:00:00.000-04:00,3478,1,1
2018-05-18T11:00:00.000-04:00,3508,1,2
2018-05-18T12:00:00.000-04:00,454,1,1
2018-05-18T19:00:00.000-04:00,3447,1,1
2018-05-19T16:00:00.000-04:00,3427,4,1
2018-05-20T09:00:00.000-04:00,72,2,1
2018-05-20T10:00:00.000-04:00,312,3,2
2018-05-20T19:00:00.000-04:00,280,1,4
2018-05-20T19:00:00.000-04:00,409,1,1
2018-05-20T22:00:00.000-04:00,285,2,1
2018-05-21T08:00:00.000-04:00,3417,1,1
2018-05-21T12:00:00.000-04:00,369,1,1
2018-05-22T08:00:00.000-04:00,3306,1,1
2018-05-22T08:00:00.000-04:00,3397,1,1
2018-05-23T09:00:00.000-04:00,3369,2,1
2018-05-23T15:00:00.000-04:00,468,2,2
2018-05-23T17:00:00.000-04:00,3648,2,2
2018-05-24T08:00:00.000-04:00,195,1,8
2018-05-24T08:00:00.000-04:00,3077,2,1
2018-05-24T09:00:00.000-04:00,3415,1,2
2018-05-24T14:00:00.000-04:00,3076,1,1
2018-05-25T12:00:00.000-04:00,490,6,8
2018-05-25T17:00:00.000-04:00,369,1,3
2018-05-25T19:00:00.000-04:00,3283,2,2
2018-05-26T15:00:00.000-04:00,3140,3,5
2018-05-26T20:00:00.000-04:00,279,2,1
2018-05-26T21:00:00.000-04:00,500,1,1
2018-05-27T01:00:00.000-04:00,369,1,1
2018-05-27T16:00:00.000-04:00,3315,1,1
2018-05-28T10:00:00.000-04:00,3570,1,1
2018-05-28T11:00:00.000-04:00,460,1,1
2018-05-28T15:00:00.000-04:00,3315,1,2
2018-05-28T18:00:00.000-04:00,346,1,3
2018-05-28T18:00:00.000-04:00,3373,4,1
2018-05-28T19:00:00.000-04:00,3397,1,1
2018-05-29T13:00:00.000-04:00,536,1,2
2018-05-29T16:00:00.000-04:00,346,2,1
2018-05-29T18:00:00.000-04:00,3296,1,4
2018-05-30T06:00:00.000-04:00,168,1,1
2018-05-30T10:00:00.000-04:00,3632,4,1
2018-05-30T14:00:00.000-04:00,3140,1,2
2018-05-30T15:00:00.000-04:00,3359,1,1
2018-05-30T20:00:00.000-04:00,537,3,1
2018-05-30T21:00:00.000-04:00,195,1,1
2018-05-30T23:00:00.000-04:00,445,1,6
2018-05-31T08:00:00.000-04:00,259,4,1
2018-05-31T09:00:00.000-04:00,526,2,1
2018-05-31T09:00:00.000-04:00,3383,1,2
2018-05-31T10:00:00.000-04:00,3140,1,1
2018-05-31T16:00:00.000-04:00,351,5,1
2018-05-31T22:00:00.000-04:00,445,4,2
2018-05-31T22:00:00.000-04:00,3158,3,3
2018-06-01T15:00:00.000-04:00,319,3,4
2018-06-01T17:00:00.000-04:00,3158,3,2
2018-06-02T13:00:00.000-04:00,143,1,1
2018-06-02T20:00:00.000-04:00,3387,1,1
2018-06-02T21:00:00.000-04:00,2002,1,1
2018-06-03T13:00:00.000-04:00,3312,3,1
2018-06-04T16:00:00.000-04:00,279,1,3
2018-06-04T21:00:00.000-04:00,530,1,3
2018-06-05T07:00:00.000-04:00,3312,3,1
2018-06-05T12:00:00.000-04:00,195,1,2
2018-06-05T14:00:00.000-04:00,168,2,4
2018-06-05T16:00:00.000-04:00,3002,5,4
2018-06-05T18:00:00.000-04:00,72,4,11
2018-06-05T19:00:00.000-04:00,3497,2,2
2018-06-05T21:00:00.000-04:00,3135,1,1
2018-06-05T22:00:00.000-04:00,472,2,1
2018-06-06T13:00:00.000-04:00,472,5,3
2018-06-06T13:00:00.000-04:00,3658,1,2
2018-06-06T15:00:00.000-04:00,195,1,1
2018-06-06T17:00:00.000-04:00,312,3,4
2018-06-06T19:00:00.000-04:00,307,1,3
2018-06-06T21:00:00.000-04:00,3135,2,3
2018-06-07T08:00:00.000-04:00,537,4,4
2018-06-07T11:00:00.000-04:00,3658,1,1
2018-06-07T15:00:00.000-04:00,3368,1,1
2018-06-07T19:00:00.000-04:00,409,2,1
2018-06-08T19:00:00.000-04:00,280,3,2
2018-06-09T15:00:00.000-04:00,3076,1,1
2018-06-09T17:00:00.000-04:00,445,3,2
2018-06-09T18:00:00.000-04:00,3002,3,8
2018-06-10T11:00:00.000-04:00,3510,1,1
2018-06-10T15:00:00.000-04:00,3107,4,1
2018-06-10T21:00:00.000-04:00,461,1,1
2018-06-11T12:00:00.000-04:00,3427,4,3
2018-06-11T16:00:00.000-04:00,324,1,2
2018-06-11T18:00:00.000-04:00,195,2,1
2018-06-11T18:00:00.000-04:00,285,13,12
2018-06-11T20:00:00.000-04:00,3052,2,1
2018-06-11T21:00:00.000-04:00,143,1,1
2018-06-11T23:00:00.000-04:00,530,1,1
2018-06-12T07:00:00.000-04:00,3680,3,1
2018-06-12T12:00:00.000-04:00,460,3,5
2018-06-12T13:00:00.000-04:00,143,1,3
2018-06-12T13:00:00.000-04:00,285,4,1
2018-06-12T13:00:00.000-04:00,2003,1,1
2018-06-12T14:00:00.000-04:00,534,1,1
2018-06-12T14:00:00.000-04:00,3613,1,1
2018-06-12T15:00:00.000-04:00,3359,2,1
2018-06-12T18:00:00.000-04:00,3632,5,5
2018-06-12T21:00:00.000-04:00,457,1,2
2018-06-13T08:00:00.000-04:00,347,9,9
2018-06-13T16:00:00.000-04:00,161,2,4
2018-06-13T17:00:00.000-04:00,3427,5,2
2018-06-13T22:00:00.000-04:00,490,3,2
2018-06-14T09:00:00.000-04:00,3107,2,2
2018-06-14T09:00:00.000-04:00,3427,8,10
2018-06-14T21:00:00.000-04:00,324,2,1
2018-06-15T07:00:00.000-04:00,3255,6,1
2018-06-16T12:00:00.000-04:00,72,1,2
2018-06-16T12:00:00.000-04:00,369,1,1
2018-06-16T12:00:00.000-04:00,2002,2,5
2018-06-16T15:00:00.000-04:00,2012,1,1
2018-06-16T16:00:00.000-04:00,3632,2,2
2018-06-16T18:00:00.000-04:00,472,2,1
2018-06-17T14:00:00.000-04:00,2002,1,2
2018-06-17T15:00:00.000-04:00,457,2,2
2018-06-17T15:00:00.000-04:00,3241,1,1
2018-06-17T18:00:00.000-04:00,3249,1,1
2018-06-18T10:00:00.000-04:00,285,3,2
2018-06-18T18:00:00.000-04:00,3427,8,5
2018-06-19T07:00:00.000-04:00,195,3,3
2018-06-19T17:00:00.000-04:00,349,3,2
2018-06-19T19:00:00.000-04:00,3283,2,2
2018-06-19T19:00:00.000-04:00,3459,4,1
2018-06-20T05:00:00.000-04:00,536,1,2
2018-06-20T17:00:00.000-04:00,3376,2,1
2018-06-20T17:00:00.000-04:00,3599,1,1
2018-06-20T19:00:00.000-04:00,369,2,3
2018-06-20T19:00:00.000-04:00,3376,1,2
2018-06-20T20:00:00.000-04:00,143,1,1
2018-06-20T22:00:00.000-04:00,3255,2,2
2018-06-21T14:00:00.000-04:00,275,1,1
2018-06-21T14:00:00.000-04:00,3165,4,5
2018-06-21T15:00:00.000-04:00,3165,1,3
2018-06-21T19:00:00.000-04:00,2002,3,6
2018-06-21T20:00:00.000-04:00,3315,1,2
2018-06-22T15:00:00.000-04:00,530,3,10
2018-06-23T09:00:00.000-04:00,3459,1,2
2018-06-23T13:00:00.000-04:00,161,1,2
2018-06-23T13:00:00.000-04:00,285,8,13
2018-06-23T17:00:00.000-04:00,307,6,4
2018-06-23T19:00:00.000-04:00,3076,1,1
2018-06-23T20:00:00.000-04:00,346,1,1
2018-06-23T21:00:00.000-04:00,365,1,2
2018-06-23T22:00:00.000-04:00,461,3,1
2018-06-24T10:00:00.000-04:00,369,1,2
2018-06-24T16:00:00.000-04:00,3113,2,2
2018-06-24T17:00:00.000-04:00,346,4,6
2018-06-24T19:00:00.000-04:00,3148,2,2
2018-06-24T19:00:00.000-04:00,3551,1,1
2018-06-25T10:00:00.000-04:00,490,1,1
2018-06-25T14:00:00.000-04:00,500,1,2
2018-06-25T20:00:00.000-04:00,3658,1,2
2018-06-25T22:00:00.000-04:00,2003,3,3
2018-06-26T06:00:00.000-04:00,3002,2,2
2018-06-26T11:00:00.000-04:00,472,4,1
2018-06-26T12:00:00.000-04:00,536,1,2
2018-06-26T15:00:00.000-04:00,3427,2,5
2018-06-26T16:00:00.000-04:00,537,4,1
2018-06-26T17:00:00.000-04:00,3417,1,1
2018-06-26T21:00:00.000-04:00,490,2,2
2018-06-27T08:00:00.000-04:00,259,1,6
2018-06-27T08:00:00.000-04:00,472,5,7
2018-06-27T08:00:00.000-04:00,3073,2,1
2018-06-27T20:00:00.000-04:00,3166,1,3
2018-06-28T09:00:00.000-04:00,285,1,4
2018-06-28T09:00:00.000-04:00,3148,3,1
2018-06-28T22:00:00.000-04:00,468,3,2
2018-06-29T09:00:00.000-04:00,2002,2,2
2018-06-29T09:00:00.000-04:00,3283,3,1
2018-06-29T14:00:00.000-04:00,285,5,7
2018-06-29T14:00:00.000-04:00,3341,2,1
2018-06-29T18:00:00.000-04:00,3397,1,1
2018-06-29T22:00:00.000-04:00,457,1,2
2018-06-30T12:00:00.000-04:00,3347,1,1
2018-07-01T10:00:00.000-04:00,3346,1,3
2018-07-01T15:00:00.000-04:00,238,1,2
2018-07-02T14:00:00.000-04:00,3373,1,1
2018-07-02T15:00:00.000-04:00,3459,1,1
2018-07-02T22:00:00.000-04:00,312,3,2
2018-07-03T09:00:00.000-04:00,3680,2,3
2018-07-03T15:00:00.000-04:00,3002,4,5
2018-07-03T17:00:00.000-04:00,500,3,4
2018-07-03T20:00:00.000-04:00,349,1,1
2018-07-04T16:00:00.000-04:00,467,1,1
2018-07-04T16:00:00.000-04:00,3467,2,1
2018-07-05T10:00:00.000-04:00,351,1,3
2018-07-05T12:00:00.000-04:00,3148,1,1
2018-07-05T19:00:00.000-04:00,537,4,3
2018-07-05T22:00:00.000-04:00,490,3,1
2018-07-05T22:00:00.000-04:00,3680,1,1
2018-07-06T15:00:00.000-04:00,347,3,1
2018-07-06T18:00:00.000-04:00,245,2,1
2018-07-06T21:00:00.000-04:00,3427,1,1
2018-07-06T21:00:00.000-04:00,3632,1,1
2018-07-07T10:00:00.000-04:00,445,2,3
2018-07-07T17:00:00.000-04:00,500,2,2
2018-07-07T20:00:00.000-04:00,2002,1,3
2018-07-08T09:00:00.000-04:00,279,4,1
2018-07-08T10:00:00.000-04:00,3580,2,1
2018-07-08T10:00:00.000-04:00,3632,2,1
2018-07-08T21:00:00.000-04:00,445,1,1
2018-07-09T08:00:00.000-04:00,259,3,6
2018-07-09T08:00:00.000-04:00,3315,1,1
2018-07-09T09:00:00.000-04:00,168,5,5
2018-07-09T10:00:00.000-04:00,2012,1,2
2018-07-09T18:00:00.000-04:00,3135,2,2
2018-07-09T21:00:00.000-04:00,490,2,2
2018-07-10T09:00:00.000-04:00,472,7,8
2018-07-10T11:00:00.000-04:00,537,2,3
2018-07-10T12:00:00.000-04:00,3165,3,2
2018-07-10T20:00:00.000-04:00,3373,2,1
2018-07-12T07:00:00.000-04:00,285,1,2
2018-07-12T15:00:00.000-04:00,319,1,3
2018-07-12T19:00:00.000-04:00,347,1,3
2018-07-13T15:00:00.000-04:00,3680,1,1
2018-07-13T16:00:00.000-04:00,3148,4,3
2018-07-14T11:00:00.000-04:00,460,5,4
2018-07-14T11:00:00.000-04:00,3415,2,3
2018-07-14T15:00:00.000-04:00,319,1,1
2018-07-15T10:00:00.000-04:00,3076,2,3
2018-07-15T10:00:00.000-04:00,3496,1,1
2018-07-15T15:00:00.000-04:00,252,3,1
2018-07-15T15:00:00.000-04:00,3165,3,5
2018-07-15T19:00:00.000-04:00,2003,3,6
2018-07-15T20:00:00.000-04:00,3496,2,1
2018-07-16T06:00:00.000-04:00,3318,1,3
2018-07-16T07:00:00.000-04:00,445,4,2
2018-07-16T20:00:00.000-04:00,536,1,1
2018-07-16T23:00:00.000-04:00,472,2,1
2018-07-17T07:00:00.000-04:00,3427,1,3
2018-07-17T11:00:00.000-04:00,536,1,1
2018-07-17T18:00:00.000-04:00,3165,2,1
2018-07-18T18:00:00.000-04:00,3576,2,5
2018-07-19T08:00:00.000-04:00,238,2,1
2018-07-19T09:00:00.000-04:00,168,3,11
2018-07-19T09:00:00.000-04:00,468,6,7
2018-07-19T12:00:00.000-04:00,3359,4,1
2018-07-19T15:00:00.000-04:00,351,3,2
2018-07-19T19:00:00.000-04:00,3648,2,1
2018-07-20T07:00:00.000-04:00,238,2,1
2018-07-20T08:00:00.000-04:00,143,3,4
2018-07-20T10:00:00.000-04:00,3680,1,3
2018-07-20T18:00:00.000-04:00,252,2,3
2018-07-21T09:00:00.000-04:00,457,4,3
2018-07-21T16:00:00.000-04:00,307,2,6
2018-07-22T11:00:00.000-04:00,2012,1,2
2018-07-23T15:00:00.000-04:00,3459,1,3
2018-07-23T16:00:00.000-04:00,3318,1,1
2018-07-24T12:00:00.000-04:00,347,4,1
2018-07-24T18:00:00.000-04:00,3107,3,4
2018-07-24T18:00:00.000-04:00,3508,1,1
2018-07-25T09:00:00.000-04:00,3369,2,1
2018-07-25T20:00:00.000-04:00,3102,2,1
2018-07-26T09:00:00.000-04:00,312,4,2
2018-07-26T10:00:00.000-04:00,3078,1,2
2018-07-26T13:00:00.000-04:00,3312,2,2
2018-07-26T15:00:00.000-04:00,526,1,4
2018-07-26T16:00:00.000-04:00,312,3,2
2018-07-26T21:00:00.000-04:00,3175,1,1
2018-07-27T11:00:00.000-04:00,537,3,3
2018-07-28T12:00:00.000-04:00,3397,2,1
2018-07-28T15:00:00.000-04:00,72,1,3
2018-07-29T01:00:00.000-04:00,307,1,2
2018-07-29T13:00:00.000-04:00,278,1,1
2018-07-29T13:00:00.000-04:00,457,5,9
2018-07-29T17:00:00.000-04:00,349,2,1
2018-07-30T11:00:00.000-04:00,168,4,4
2018-07-30T23:00:00.000-04:00,2003,1,1
2018-07-31T10:00:00.000-04:00,285,2,5
2018-07-31T18:00:00.000-04:00,3680,1,1
2018-08-01T16:00:00.000-04:00,195,3,6
2018-08-02T07:00:00.000-04:00,457,2,3
2018-08-02T12:00:00.000-04:00,312,3,3
2018-08-02T12:00:00.000-04:00,2003,1,3
2018-08-02T17:00:00.000-04:00,3158,2,2
2018-08-02T18:00:00.000-04:00,3666,3,1
2018-08-02T19:00:00.000-04:00,454,1,1
2018-08-02T19:00:00.000-04:00,3392,1,1
2018-08-02T22:00:00.000-04:00,3002,2,1
2018-08-03T08:00:00.000-04:00,143,3,3
2018-08-03T18:00:00.000-04:00,279,4,2
2018-08-03T20:00:00.000-04:00,3140,2,1
2018-08-04T11:00:00.000-04:00,3315,2,1
2018-08-04T12:00:00.000-04:00,537,2,4
2018-08-04T15:00:00.000-04:00,3135,1,1
2018-08-04T18:00:00.000-04:00,409,1,1
2018-08-04T23:00:00.000-04:00,285,1,3
2018-08-05T19:00:00.000-04:00,3415,2,2
2018-08-06T08:00:00.000-04:00,3124,3,2
2018-08-06T08:00:00.000-04:00,3417,3,1
2018-08-06T09:00:00.000-04:00,526,2,4
2018-08-06T12:00:00.000-04:00,3536,1,1
2018-08-06T13:00:00.000-04:00,3357,1,4
2018-08-06T15:00:00.000-04:00,3551,1,2
2018-08-06T19:00:00.000-04:00,319,1,2
2018-08-07T08:00:00.000-04:00,143,2,3
2018-08-07T08:00:00.000-04:00,3255,6,2
2018-08-07T18:00:00.000-04:00,252,1,2
2018-08-07T23:00:00.000-04:00,445,1,3
2018-08-08T08:00:00.000-04:00,168,2,12
2018-08-08T17:00:00.000-04:00,244,2,2
2018-08-08T23:00:00.000-04:00,307,1,1
2018-08-09T10:00:00.000-04:00,460,5,1
2018-08-09T13:00:00.000-04:00,285,1,3
2018-08-09T18:00:00.000-04:00,3166,4,5
2018-08-09T18:00:00.000-04:00,3357,3,3
2018-08-10T08:00:00.000-04:00,259,1,2
2018-08-10T10:00:00.000-04:00,526,2,1
2018-08-10T17:00:00.000-04:00,168,11,9
2018-08-10T17:00:00.000-04:00,3632,4,2
2018-08-11T12:00:00.000-04:00,3427,8,13
2018-08-11T14:00:00.000-04:00,3102,1,1
2018-08-12T09:00:00.000-04:00,349,1,1
2018-08-12T10:00:00.000-04:00,3140,2,1
2018-08-12T17:00:00.000-04:00,3373,1,1
2018-08-13T21:00:00.000-04:00,3150,1,1
2018-08-14T07:00:00.000-04:00,457,1,1
2018-08-14T19:00:00.000-04:00,3344,1,1
2018-08-15T07:00:00.000-04:00,3376,1,1
2018-08-15T08:00:00.000-04:00,168,5,11
2018-08-15T08:00:00.000-04:00,3166,4,1
2018-08-15T12:00:00.000-04:00,3158,3,6
2018-08-15T16:00:00.000-04:00,3632,1,2
2018-08-15T16:00:00.000-04:00,3658,3,2
2018-08-17T00:00:00.000-04:00,3632,1,1
2018-08-17T08:00:00.000-04:00,3255,3,2
2018-08-17T14:00:00.000-04:00,534,2,2
2018-08-17T19:00:00.000-04:00,3165,2,4
2018-08-17T19:00:00.000-04:00,3373,2,2
2018-08-18T13:00:00.000-04:00,150,2,1
2018-08-18T13:00:00.000-04:00,3632,1,3
2018-08-18T15:00:00.000-04:00,2002,5,2
2018-08-19T19:00:00.000-04:00,319,4,1
2018-08-19T19:00:00.000-04:00,457,3,2
2018-08-19T22:00:00.000-04:00,347,4,1
2018-08-20T07:00:00.000-04:00,490,3,1
2018-08-20T09:00:00.000-04:00,3680,2,4
2018-08-20T12:00:00.000-04:00,537,2,5
2018-08-20T18:00:00.000-04:00,457,6,4
2018-08-20T18:00:00.000-04:00,3516,1,1
2018-08-21T12:00:00.000-04:00,537,3,1
2018-08-21T13:00:00.000-04:00,534,3,2
2018-08-21T16:00:00.000-04:00,369,3,1
2018-08-22T08:00:00.000-04:00,3467,3,4
2018-08-22T15:00:00.000-04:00,280,2,2
2018-08-22T16:00:00.000-04:00,467,1,1
2018-08-23T12:00:00.000-04:00,534,1,1
2018-08-23T14:00:00.000-04:00,460,3,3
2018-08-23T17:00:00.000-04:00,346,1,1
2018-08-25T11:00:00.000-04:00,3467,2,3
2018-08-25T12:00:00.000-04:00,195,1,2
2018-08-25T16:00:00.000-04:00,312,4,6
2018-08-26T09:00:00.000-04:00,3563,1,1
2018-08-26T12:00:00.000-04:00,324,2,2
2018-08-26T14:00:00.000-04:00,244,1,2
2018-08-26T14:00:00.000-04:00,373,1,1
2018-08-27T08:00:00.000-04:00,195,2,1
2018-08-27T08:00:00.000-04:00,2012,6,5
2018-08-27T08:00:00.000-04:00,3318,2,2
2018-08-27T09:00:00.000-04:00,3459,4,3
2018-08-27T21:00:00.000-04:00,536,1,1
2018-08-28T10:00:00.000-04:00,3424,1,1
2018-08-28T12:00:00.000-04:00,457,5,2
2018-08-28T12:00:00.000-04:00,460,2,2
2018-08-28T19:00:00.000-04:00,3077,2,1
2018-08-29T07:00:00.000-04:00,2002,4,1
2018-08-29T10:00:00.000-04:00,3373,1,1
2018-08-29T16:00:00.000-04:00,3536,4,1
2018-08-29T17:00:00.000-04:00,3148,3,1
2018-08-30T12:00:00.000-04:00,490,1,2
2018-08-30T18:00:00.000-04:00,3002,7,5
2018-08-30T19:00:00.000-04:00,537,5,6
2018-08-31T09:00:00.000-04:00,324,1,3
2018-08-31T09:00:00.000-04:00,3318,1,1
2018-08-31T10:00:00.000-04:00,3312,1,1
2018-08-31T16:00:00.000-04:00,72,1,3
2018-09-01T13:00:00.000-04:00,3373,1,1
2018-09-01T20:00:00.000-04:00,3376,2,1
2018-09-02T22:00:00.000-04:00,490,1,2
2018-09-03T08:00:00.000-04:00,319,1,3
2018-09-03T10:00:00.000-04:00,3632,2,1
2018-09-03T11:00:00.000-04:00,3107,2,1
2018-09-03T15:00:00.000-04:00,467,2,2
2018-09-04T09:00:00.000-04:00,468,1,6
2018-09-04T17:00:00.000-04:00,536,6,2
2018-09-04T21:00:00.000-04:00,537,2,1
2018-09-04T21:00:00.000-04:00,3373,1,1
2018-09-05T07:00:00.000-04:00,3338,1,1
2018-09-05T10:00:00.000-04:00,3571,1,1
2018-09-06T06:00:00.000-04:00,472,1,1
2018-09-06T09:00:00.000-04:00,285,9,6
2018-09-06T16:00:00.000-04:00,468,1,2
2018-09-06T17:00:00.000-04:00,3308,1,2
2018-09-06T18:00:00.000-04:00,259,3,3
2018-09-06T20:00:00.000-04:00,260,1,1
2018-09-07T07:00:00.000-04:00,461,9,2
2018-09-07T08:00:00.000-04:00,3632,6,2
2018-09-07T14:00:00.000-04:00,3369,1,1
2018-09-07T15:00:00.000-04:00,3311,2,1
2018-09-08T08:00:00.000-04:00,3150,1,1
2018-09-08T10:00:00.000-04:00,2002,2,4
2018-09-08T10:00:00.000-04:00,3459,2,2
2018-09-08T11:00:00.000-04:00,3496,1,1
2018-09-08T14:00:00.000-04:00,259,1,10
2018-09-09T00:00:00.000-04:00,3632,1,1
2018-09-09T01:00:00.000-04:00,3357,1,1
2018-09-09T11:00:00.000-04:00,3140,2,2
2018-09-11T09:00:00.000-04:00,307,4,3
2018-09-11T15:00:00.000-04:00,2003,1,3
2018-09-12T13:00:00.000-04:00,3393,1,1
2018-09-12T14:00:00.000-04:00,3368,1,1
2018-09-13T14:00:00.000-04:00,3002,7,2
2018-09-13T17:00:00.000-04:00,3508,3,1
2018-09-13T19:00:00.000-04:00,3338,1,1
2018-09-13T19:00:00.000-04:00,3658,3,7
2018-09-13T20:00:00.000-04:00,3113,3,2
2018-09-14T20:00:00.000-04:00,279,2,1
2018-09-14T21:00:00.000-04:00,3049,1,1
2018-09-15T14:00:00.000-04:00,3175,3,1
2018-09-15T16:00:00.000-04:00,3570,1,1
2018-09-15T17:00:00.000-04:00,195,2,3
2018-09-15T17:00:00.000-04:00,445,9,6
2018-09-16T09:00:00.000-04:00,279,2,1
2018-09-16T10:00:00.000-04:00,351,3,2
2018-09-16T11:00:00.000-04:00,3166,2,4
2018-09-16T16:00:00.000-04:00,259,5,2
2018-09-16T17:00:00.000-04:00,537,2,4
2018-09-17T08:00:00.000-04:00,3107,1,1
2018-09-17T10:00:00.000-04:00,3541,1,1
2018-09-17T18:00:00.000-04:00,457,4,11
2018-09-17T18:00:00.000-04:00,3002,8,11
2018-09-17T18:00:00.000-04:00,3417,1,1
2018-09-17T19:00:00.000-04:00,537,5,4
2018-09-18T18:00:00.000-04:00,3666,1,1
2018-09-19T11:00:00.000-04:00,312,1,2
2018-09-19T14:00:00.000-04:00,467,4,2
2018-09-19T16:00:00.000-04:00,3632,3,3
2018-09-19T18:00:00.000-04:00,289,1,3
2018-09-19T20:00:00.000-04:00,3105,2,1
2018-09-19T20:00:00.000-04:00,3424,1,1
2018-09-20T06:00:00.000-04:00,3427,1,1
2018-09-20T08:00:00.000-04:00,319,3,4
2018-09-20T08:00:00.000-04:00,3376,1,2
2018-09-21T08:00:00.000-04:00,347,7,10
2018-09-21T09:00:00.000-04:00,2012,5,4
2018-09-22T07:00:00.000-04:00,344,1,1
2018-09-22T09:00:00.000-04:00,3165,5,6
2018-09-22T11:00:00.000-04:00,351,1,2
2018-09-22T13:00:00.000-04:00,3376,5,1
2018-09-23T08:00:00.000-04:00,307,2,2
2018-09-24T09:00:00.000-04:00,285,7,2
2018-09-24T13:00:00.000-04:00,3615,1,1
2018-09-24T17:00:00.000-04:00,3175,3,4
2018-09-24T17:00:00.000-04:00,3427,7,3
2018-09-25T11:00:00.000-04:00,526,1,1
2018-09-26T10:00:00.000-04:00,238,2,2
2018-09-26T13:00:00.000-04:00,3102,1,1
2018-09-26T14:00:00.000-04:00,347,2,3
2018-09-26T15:00:00.000-04:00,472,2,2
2018-09-26T17:00:00.000-04:00,2012,5,1
2018-09-26T17:00:00.000-04:00,3648,3,1
2018-09-26T20:00:00.000-04:00,2003,2,2
2018-09-27T10:00:00.000-04:00,3376,1,1
2018-09-27T11:00:00.000-04:00,369,1,1
2018-09-27T17:00:00.000-04:00,537,10,14
2018-09-27T17:00:00.000-04:00,3467,3,3
2018-09-27T19:00:00.000-04:00,530,3,2
2018-09-27T19:00:00.000-04:00,2012,2,1
2018-09-29T10:00:00.000-04:00,285,1,3
2018-09-29T11:00:00.000-04:00,3369,1,1
2018-09-29T19:00:00.000-04:00,72,3,2
2018-09-30T08:00:00.000-04:00,472,1,1
